"Step","efb0_15-06_8h24m46s - val_ACC","efb0_15-06_8h24m46s - val_ACC__MIN","efb0_15-06_8h24m46s - val_ACC__MAX","efb0_14-06_22h24m5s - val_ACC","efb0_14-06_22h24m5s - val_ACC__MIN","efb0_14-06_22h24m5s - val_ACC__MAX","efb0_14-06_22h21m14s - val_ACC","efb0_14-06_22h21m14s - val_ACC__MIN","efb0_14-06_22h21m14s - val_ACC__MAX","efb0_14-06_22h33m3s - val_ACC","efb0_14-06_22h33m3s - val_ACC__MIN","efb0_14-06_22h33m3s - val_ACC__MAX","efb0_15-06_8h29m23s - val_ACC","efb0_15-06_8h29m23s - val_ACC__MIN","efb0_15-06_8h29m23s - val_ACC__MAX","efb0_14-06_22h35m15s - val_ACC","efb0_14-06_22h35m15s - val_ACC__MIN","efb0_14-06_22h35m15s - val_ACC__MAX","efb0_14-06_22h40m50s - val_ACC","efb0_14-06_22h40m50s - val_ACC__MIN","efb0_14-06_22h40m50s - val_ACC__MAX","dn201_14-06_13h14m46s - val_ACC","dn201_14-06_13h14m46s - val_ACC__MIN","dn201_14-06_13h14m46s - val_ACC__MAX","dn201_14-06_13h18m7s - val_ACC","dn201_14-06_13h18m7s - val_ACC__MIN","dn201_14-06_13h18m7s - val_ACC__MAX","dn201_14-06_13h19m58s - val_ACC","dn201_14-06_13h19m58s - val_ACC__MIN","dn201_14-06_13h19m58s - val_ACC__MAX","dn201_14-06_13h11m36s - val_ACC","dn201_14-06_13h11m36s - val_ACC__MIN","dn201_14-06_13h11m36s - val_ACC__MAX","dn201_14-06_13h17m53s - val_ACC","dn201_14-06_13h17m53s - val_ACC__MIN","dn201_14-06_13h17m53s - val_ACC__MAX","inception_14-06_19h1m2s - val_ACC","inception_14-06_19h1m2s - val_ACC__MIN","inception_14-06_19h1m2s - val_ACC__MAX","inception_14-06_18h53m23s - val_ACC","inception_14-06_18h53m23s - val_ACC__MIN","inception_14-06_18h53m23s - val_ACC__MAX","inception_14-06_18h48m47s - val_ACC","inception_14-06_18h48m47s - val_ACC__MIN","inception_14-06_18h48m47s - val_ACC__MAX","model_14-06_13h18m58s - val_ACC","model_14-06_13h18m58s - val_ACC__MIN","model_14-06_13h18m58s - val_ACC__MAX","inception_14-06_18h47m47s - val_ACC","inception_14-06_18h47m47s - val_ACC__MIN","inception_14-06_18h47m47s - val_ACC__MAX","inception_14-06_18h47m32s - val_ACC","inception_14-06_18h47m32s - val_ACC__MIN","inception_14-06_18h47m32s - val_ACC__MAX","model_14-06_13h19m30s - val_ACC","model_14-06_13h19m30s - val_ACC__MIN","model_14-06_13h19m30s - val_ACC__MAX","inception_14-06_18h49m41s - val_ACC","inception_14-06_18h49m41s - val_ACC__MIN","inception_14-06_18h49m41s - val_ACC__MAX","inception_14-06_18h50m49s - val_ACC","inception_14-06_18h50m49s - val_ACC__MIN","inception_14-06_18h50m49s - val_ACC__MAX","dn121_14-06_18h56m40s - val_ACC","dn121_14-06_18h56m40s - val_ACC__MIN","dn121_14-06_18h56m40s - val_ACC__MAX","rn50_14-06_20h40m57s - val_ACC","rn50_14-06_20h40m57s - val_ACC__MIN","rn50_14-06_20h40m57s - val_ACC__MAX","rn50_14-06_20h42m45s - val_ACC","rn50_14-06_20h42m45s - val_ACC__MIN","rn50_14-06_20h42m45s - val_ACC__MAX","rn50_14-06_20h41m37s - val_ACC","rn50_14-06_20h41m37s - val_ACC__MIN","rn50_14-06_20h41m37s - val_ACC__MAX","rn50_14-06_20h46m45s - val_ACC","rn50_14-06_20h46m45s - val_ACC__MIN","rn50_14-06_20h46m45s - val_ACC__MAX","rn50_14-06_20h57m33s - val_ACC","rn50_14-06_20h57m33s - val_ACC__MIN","rn50_14-06_20h57m33s - val_ACC__MAX","rn50_14-06_20h46m36s - val_ACC","rn50_14-06_20h46m36s - val_ACC__MIN","rn50_14-06_20h46m36s - val_ACC__MAX"
"0","0.9606793522834778","0.9606793522834778","0.9606793522834778","0.9573564529418945","0.9573564529418945","0.9573564529418945","0.9518183469772339","0.9518183469772339","0.9518183469772339","0.9294812679290771","0.9294812679290771","0.9294812679290771","0.944618821144104","0.944618821144104","0.944618821144104","0.9311426877975464","0.9311426877975464","0.9311426877975464","0.9388960599899292","0.9388960599899292","0.9388960599899292","0.8266568183898926","0.8266568183898926","0.8266568183898926","0.8325641751289368","0.8325641751289368","0.8325641751289368","0.7038951516151428","0.7038951516151428","0.7038951516151428","0.6409451961517334","0.6409451961517334","0.6409451961517334","0.699833869934082","0.699833869934082","0.699833869934082","0.8657928705215454","0.8657928705215454","0.8657928705215454","0.7670297026634216","0.7670297026634216","0.7670297026634216","0.8273952603340149","0.8273952603340149","0.8273952603340149","0.826841413974762","0.826841413974762","0.826841413974762","0.8314565420150757","0.8314565420150757","0.8314565420150757","0.8491784930229187","0.8491784930229187","0.8491784930229187","0.7980431914329529","0.7980431914329529","0.7980431914329529","0.8035812973976135","0.8035812973976135","0.8035812973976135","0.7692449688911438","0.7692449688911438","0.7692449688911438","0.834225594997406","0.834225594997406","0.834225594997406","0.9040058851242065","0.9040058851242065","0.9040058851242065","0.8397637009620667","0.8397637009620667","0.8397637009620667","0.8748384714126587","0.8748384714126587","0.8748384714126587","0.8685619235038757","0.8685619235038757","0.8685619235038757","0.8469632863998413","0.8469632863998413","0.8469632863998413","0.674173891544342","0.674173891544342","0.674173891544342"
"1","0.9715709686279297","0.9715709686279297","0.9715709686279297","0.9756322503089905","0.9756322503089905","0.9756322503089905","0.9726786017417908","0.9726786017417908","0.9726786017417908","0.9688019156455994","0.9688019156455994","0.9688019156455994","0.9747092723846436","0.9747092723846436","0.9747092723846436","0.9710171818733215","0.9710171818733215","0.9710171818733215","0.9700941443443298","0.9700941443443298","0.9700941443443298","0.912682294845581","0.912682294845581","0.912682294845581","0.8997600078582764","0.8997600078582764","0.8997600078582764","0.8100424408912659","0.8100424408912659","0.8100424408912659","0.9106516242027283","0.9106516242027283","0.9106516242027283","0.871330976486206","0.871330976486206","0.871330976486206","0.8478862643241882","0.8478862643241882","0.8478862643241882","0.8358870148658752","0.8358870148658752","0.8358870148658752","0.8920066356658936","0.8920066356658936","0.8920066356658936","0.649067759513855","0.649067759513855","0.649067759513855","0.8072733879089355","0.8072733879089355","0.8072733879089355","0.7461694478988647","0.7461694478988647","0.7461694478988647","0.8744692802429199","0.8744692802429199","0.8744692802429199","0.8414251208305359","0.8414251208305359","0.8414251208305359","0.5541812777519226","0.5541812777519226","0.5541812777519226","0.8864685297012329","0.8864685297012329","0.8864685297012329","0.5674727559089661","0.5674727559089661","0.5674727559089661","0.8288720846176147","0.8288720846176147","0.8288720846176147","0.8430866003036499","0.8430866003036499","0.8430866003036499","0.8645006418228149","0.8645006418228149","0.8645006418228149","0.6318995952606201","0.6318995952606201","0.6318995952606201","0.6165774464607239","0.6165774464607239","0.6165774464607239"
"2","0.9795089364051819","0.9795089364051819","0.9795089364051819","0.9795089364051819","0.9795089364051819","0.9795089364051819","0.9796935319900513","0.9796935319900513","0.9796935319900513","0.9793243408203125","0.9793243408203125","0.9793243408203125","0.9800627827644348","0.9800627827644348","0.9800627827644348","0.9758168458938599","0.9758168458938599","0.9758168458938599","0.9750784635543823","0.9750784635543823","0.9750784635543823","0.9263430237770081","0.9263430237770081","0.9263430237770081","0.8973601460456848","0.8973601460456848","0.8973601460456848","0.8571164608001709","0.8571164608001709","0.8571164608001709","0.9023444652557373","0.9023444652557373","0.9023444652557373","0.8899760246276855","0.8899760246276855","0.8899760246276855","0.7744138836860657","0.7744138836860657","0.7744138836860657","0.9075133800506592","0.9075133800506592","0.9075133800506592","0.8144729733467102","0.8144729733467102","0.8144729733467102","0.870223343372345","0.870223343372345","0.870223343372345","0.9054827690124512","0.9054827690124512","0.9054827690124512","0.8475170731544495","0.8475170731544495","0.8475170731544495","0.7830902934074402","0.7830902934074402","0.7830902934074402","0.8711463809013367","0.8711463809013367","0.8711463809013367","0.808565616607666","0.808565616607666","0.808565616607666","0.8669005036354065","0.8669005036354065","0.8669005036354065","0.7847517132759094","0.7847517132759094","0.7847517132759094","0.8449326157569885","0.8449326157569885","0.8449326157569885","0.6450064778327942","0.6450064778327942","0.6450064778327942","0.6283921003341675","0.6283921003341675","0.6283921003341675","0.6387299299240112","0.6387299299240112","0.6387299299240112","0.7225401401519775","0.7225401401519775","0.7225401401519775"
"3","0.9850471019744873","0.9850471019744873","0.9850471019744873","0.9839394688606262","0.9839394688606262","0.9839394688606262","0.9839394688606262","0.9839394688606262","0.9839394688606262","0.981724202632904","0.981724202632904","0.981724202632904","0.9846778512001038","0.9846778512001038","0.9846778512001038","0.9826472401618958","0.9826472401618958","0.9826472401618958","0.9828318357467651","0.9828318357467651","0.9828318357467651","0.871884822845459","0.871884822845459","0.871884822845459","0.9171127676963806","0.9171127676963806","0.9171127676963806","0.9185896515846252","0.9185896515846252","0.9185896515846252","0.921543300151825","0.921543300151825","0.921543300151825","0.938342273235321","0.938342273235321","0.938342273235321","0.8384714722633362","0.8384714722633362","0.8384714722633362","0.8966217637062073","0.8966217637062073","0.8966217637062073","0.9091747999191284","0.9091747999191284","0.9091747999191284","0.865608274936676","0.865608274936676","0.865608274936676","0.8792689442634583","0.8792689442634583","0.8792689442634583","0.8081964254379272","0.8081964254379272","0.8081964254379272","0.918958842754364","0.918958842754364","0.918958842754364","0.8652390837669373","0.8652390837669373","0.8652390837669373","0.7694295644760132","0.7694295644760132","0.7694295644760132","0.912682294845581","0.912682294845581","0.912682294845581","0.6162082552909851","0.6162082552909851","0.6162082552909851","0.7266014218330383","0.7266014218330383","0.7266014218330383","0.8093040585517883","0.8093040585517883","0.8093040585517883","0.8008122444152832","0.8008122444152832","0.8008122444152832","0.5953480005264282","0.5953480005264282","0.5953480005264282","0.526675283908844","0.526675283908844","0.526675283908844"
"4","0.9868931174278259","0.9868931174278259","0.9868931174278259","0.9852316975593567","0.9852316975593567","0.9852316975593567","0.9848624467849731","0.9848624467849731","0.9848624467849731","0.9850471019744873","0.9850471019744873","0.9850471019744873","0.9872623085975647","0.9872623085975647","0.9872623085975647","0.9841240644454956","0.9841240644454956","0.9841240644454956","0.9830164313316345","0.9830164313316345","0.9830164313316345","0.9165589809417725","0.9165589809417725","0.9165589809417725","0.9425881505012512","0.9425881505012512","0.9425881505012512","0.9298504590988159","0.9298504590988159","0.9298504590988159","0.8000738620758057","0.8000738620758057","0.8000738620758057","0.9481262564659119","0.9481262564659119","0.9481262564659119","0.9265276193618774","0.9265276193618774","0.9265276193618774","0.9232047200202942","0.9232047200202942","0.9232047200202942","0.9121285080909729","0.9121285080909729","0.9121285080909729","0.9193280339241028","0.9193280339241028","0.9193280339241028","0.9084364175796509","0.9084364175796509","0.9084364175796509","0.887576162815094","0.887576162815094","0.887576162815094","0.6911574602127075","0.6911574602127075","0.6911574602127075","0.8777921199798584","0.8777921199798584","0.8777921199798584","0.8659774661064148","0.8659774661064148","0.8659774661064148","0.9082518219947815","0.9082518219947815","0.9082518219947815","0.6411297917366028","0.6411297917366028","0.6411297917366028","0.8504707217216492","0.8504707217216492","0.8504707217216492","0.5285212993621826","0.5285212993621826","0.5285212993621826","0.7310319542884827","0.7310319542884827","0.7310319542884827","0.6546058654785156","0.6546058654785156","0.6546058654785156","0.4476647675037384","0.4476647675037384","0.4476647675037384"
"5","0.9835702180862427","0.9835702180862427","0.9835702180862427","0.9874469041824341","0.9874469041824341","0.9874469041824341","0.9835702180862427","0.9835702180862427","0.9835702180862427","0.9844932556152344","0.9844932556152344","0.9844932556152344","0.9856008887290955","0.9856008887290955","0.9856008887290955","0.9865239262580872","0.9865239262580872","0.9865239262580872","0.9837548732757568","0.9837548732757568","0.9837548732757568","0.8855454921722412","0.8855454921722412","0.8855454921722412","0.9370500445365906","0.9370500445365906","0.9370500445365906","0.9324349164962769","0.9324349164962769","0.9324349164962769","0.8569318652153015","0.8569318652153015","0.8569318652153015","0.93723464012146","0.93723464012146","0.93723464012146","0.9156359434127808","0.9156359434127808","0.9156359434127808","0.939265251159668","0.939265251159668","0.939265251159668","0.9276351928710938","0.9276351928710938","0.9276351928710938","0.9267122149467468","0.9267122149467468","0.9267122149467468","0.8453018069267273","0.8453018069267273","0.8453018069267273","0.8940373063087463","0.8940373063087463","0.8940373063087463","0.9460956454277039","0.9460956454277039","0.9460956454277039","0.7435849905014038","0.7435849905014038","0.7435849905014038","0.8608085513114929","0.8608085513114929","0.8608085513114929","0.9082518219947815","0.9082518219947815","0.9082518219947815","0.4803396761417389","0.4803396761417389","0.4803396761417389","0.6870961785316467","0.6870961785316467","0.6870961785316467","0.706110417842865","0.706110417842865","0.706110417842865","0.6405759453773499","0.6405759453773499","0.6405759453773499","0.5152298212051392","0.5152298212051392","0.5152298212051392","0.6586671471595764","0.6586671471595764","0.6586671471595764"
"6","0.9839394688606262","0.9839394688606262","0.9839394688606262","0.9883699417114258","0.9883699417114258","0.9883699417114258","0.9835702180862427","0.9835702180862427","0.9835702180862427","0.9861546754837036","0.9861546754837036","0.9861546754837036","0.9876315593719482","0.9876315593719482","0.9876315593719482","0.9867085218429565","0.9867085218429565","0.9867085218429565","0.9856008887290955","0.9856008887290955","0.9856008887290955","0.9254199862480164","0.9254199862480164","0.9254199862480164","0.9357578158378601","0.9357578158378601","0.9357578158378601","0.9148975610733032","0.9148975610733032","0.9148975610733032","0.9006830453872681","0.9006830453872681","0.9006830453872681","0.8360716104507446","0.8360716104507446","0.8360716104507446","0.939265251159668","0.939265251159668","0.939265251159668","0.939265251159668","0.939265251159668","0.939265251159668","0.8458556532859802","0.8458556532859802","0.8458556532859802","0.927266001701355","0.927266001701355","0.927266001701355","0.9250507950782776","0.9250507950782776","0.9250507950782776","0.9224663376808167","0.9224663376808167","0.9224663376808167","0.9381576776504517","0.9381576776504517","0.9381576776504517","0.9049289226531982","0.9049289226531982","0.9049289226531982","0.8220417499542236","0.8220417499542236","0.8220417499542236","0.8956987261772156","0.8956987261772156","0.8956987261772156","0.5623038411140442","0.5623038411140442","0.5623038411140442","0.6215617656707764","0.6215617656707764","0.6215617656707764","0.8641314506530762","0.8641314506530762","0.8641314506530762","0.8652390837669373","0.8652390837669373","0.8652390837669373","0.5927635431289673","0.5927635431289673","0.5927635431289673","0.6913420557975769","0.6913420557975769","0.6913420557975769"
"7","0.9868931174278259","0.9868931174278259","0.9868931174278259","0.9885545372962952","0.9885545372962952","0.9885545372962952","0.9846778512001038","0.9846778512001038","0.9846778512001038","0.988000750541687","0.988000750541687","0.988000750541687","0.9898467659950256","0.9898467659950256","0.9898467659950256","0.9885545372962952","0.9885545372962952","0.9885545372962952","0.9867085218429565","0.9867085218429565","0.9867085218429565","0.8820380568504333","0.8820380568504333","0.8820380568504333","0.9030829071998596","0.9030829071998596","0.9030829071998596","0.9350193738937378","0.9350193738937378","0.9350193738937378","0.9016060829162598","0.9016060829162598","0.9016060829162598","0.8742846846580505","0.8742846846580505","0.8742846846580505","0.9296658635139465","0.9296658635139465","0.9296658635139465","0.9025290608406067","0.9025290608406067","0.9025290608406067","0.9233893156051636","0.9233893156051636","0.9233893156051636","0.9006830453872681","0.9006830453872681","0.9006830453872681","0.9377884268760681","0.9377884268760681","0.9377884268760681","0.9030829071998596","0.9030829071998596","0.9030829071998596","0.8886837959289551","0.8886837959289551","0.8886837959289551","0.9265276193618774","0.9265276193618774","0.9265276193618774","0.8309026956558228","0.8309026956558228","0.8309026956558228","0.9076979756355286","0.9076979756355286","0.9076979756355286","0.563780665397644","0.563780665397644","0.563780665397644","0.6080856323242188","0.6080856323242188","0.6080856323242188","0.8214879035949707","0.8214879035949707","0.8214879035949707","0.8115192651748657","0.8115192651748657","0.8115192651748657","0.6859885454177856","0.6859885454177856","0.6859885454177856","0.8336717486381531","0.8336717486381531","0.8336717486381531"
"8","0.9835702180862427","0.9835702180862427","0.9835702180862427","0.991692841053009","0.991692841053009","0.991692841053009","0.9867085218429565","0.9867085218429565","0.9867085218429565","0.9795089364051819","0.9795089364051819","0.9795089364051819","0.9889237880706787","0.9889237880706787","0.9889237880706787","0.9885545372962952","0.9885545372962952","0.9885545372962952","0.9881853461265564","0.9881853461265564","0.9881853461265564","0.9398190975189209","0.9398190975189209","0.9398190975189209","0.9379730224609375","0.9379730224609375","0.9379730224609375","0.8899760246276855","0.8899760246276855","0.8899760246276855","0.8951449394226074","0.8951449394226074","0.8951449394226074","0.9449880123138428","0.9449880123138428","0.9449880123138428","0.9455417990684509","0.9455417990684509","0.9455417990684509","0.9001291990280151","0.9001291990280151","0.9001291990280151","0.8964371681213379","0.8964371681213379","0.8964371681213379","0.9361270070075989","0.9361270070075989","0.9361270070075989","0.9377884268760681","0.9377884268760681","0.9377884268760681","0.9075133800506592","0.9075133800506592","0.9075133800506592","0.9080671668052673","0.9080671668052673","0.9080671668052673","0.9396345019340515","0.9396345019340515","0.9396345019340515","0.8181650638580322","0.8181650638580322","0.8181650638580322","0.9220970869064331","0.9220970869064331","0.9220970869064331","0.6640206575393677","0.6640206575393677","0.6640206575393677","0.8645006418228149","0.8645006418228149","0.8645006418228149","0.842532753944397","0.842532753944397","0.842532753944397","0.426250696182251","0.426250696182251","0.426250696182251","0.5726416707038879","0.5726416707038879","0.5726416707038879","0.48292413353919983","0.48292413353919983","0.48292413353919983"
"9","0.9861546754837036","0.9861546754837036","0.9861546754837036","0.9902159571647644","0.9902159571647644","0.9902159571647644","0.988000750541687","0.988000750541687","0.988000750541687","0.9904006123542786","0.9904006123542786","0.9904006123542786","0.9881853461265564","0.9881853461265564","0.9881853461265564","0.9902159571647644","0.9902159571647644","0.9902159571647644","0.9892929792404175","0.9892929792404175","0.9892929792404175","0.7978585958480835","0.7978585958480835","0.7978585958480835","0.893298864364624","0.893298864364624","0.893298864364624","0.93723464012146","0.93723464012146","0.93723464012146","0.9274505972862244","0.9274505972862244","0.9274505972862244","0.9112054705619812","0.9112054705619812","0.9112054705619812","0.8785305619239807","0.8785305619239807","0.8785305619239807","0.9424035549163818","0.9424035549163818","0.9424035549163818","0.9104670286178589","0.9104670286178589","0.9104670286178589","0.9302196502685547","0.9302196502685547","0.9302196502685547","0.9436957836151123","0.9436957836151123","0.9436957836151123","0.9486801028251648","0.9486801028251648","0.9486801028251648","0.8842532634735107","0.8842532634735107","0.8842532634735107","0.9368654489517212","0.9368654489517212","0.9368654489517212","0.7958279252052307","0.7958279252052307","0.7958279252052307","0.9424035549163818","0.9424035549163818","0.9424035549163818","0.6859885454177856","0.6859885454177856","0.6859885454177856","0.9051135182380676","0.9051135182380676","0.9051135182380676","0.7476462721824646","0.7476462721824646","0.7476462721824646","0.6619900465011597","0.6619900465011597","0.6619900465011597","0.5879638195037842","0.5879638195037842","0.5879638195037842","0.6008861064910889","0.6008861064910889","0.6008861064910889"
"10","0.9865239262580872","0.9865239262580872","0.9865239262580872","0.9891083836555481","0.9891083836555481","0.9891083836555481","0.9872623085975647","0.9872623085975647","0.9872623085975647","0.9868931174278259","0.9868931174278259","0.9868931174278259","0.9920620322227478","0.9920620322227478","0.9920620322227478","0.9904006123542786","0.9904006123542786","0.9904006123542786","0.9922466278076172","0.9922466278076172","0.9922466278076172","0.9280044436454773","0.9280044436454773","0.9280044436454773","0.9056673645973206","0.9056673645973206","0.9056673645973206","0.9169281721115112","0.9169281721115112","0.9169281721115112","0.938342273235321","0.938342273235321","0.938342273235321","0.9254199862480164","0.9254199862480164","0.9254199862480164","0.8155806064605713","0.8155806064605713","0.8155806064605713","0.940372884273529","0.940372884273529","0.940372884273529","0.9296658635139465","0.9296658635139465","0.9296658635139465","0.827949047088623","0.827949047088623","0.827949047088623","0.9141591191291809","0.9141591191291809","0.9141591191291809","0.8951449394226074","0.8951449394226074","0.8951449394226074","0.9359424114227295","0.9359424114227295","0.9359424114227295","0.9416651129722595","0.9416651129722595","0.9416651129722595","0.9318811297416687","0.9318811297416687","0.9318811297416687","0.9405574798583984","0.9405574798583984","0.9405574798583984","0.7153406143188477","0.7153406143188477","0.7153406143188477","0.6143621802330017","0.6143621802330017","0.6143621802330017","0.7985970377922058","0.7985970377922058","0.7985970377922058","0.6248846054077148","0.6248846054077148","0.6248846054077148","0.5133838057518005","0.5133838057518005","0.5133838057518005","0.5189219117164612","0.5189219117164612","0.5189219117164612"
"11","0.9894775748252869","0.9894775748252869","0.9894775748252869","0.9894775748252869","0.9894775748252869","0.9894775748252869","0.990031361579895","0.990031361579895","0.990031361579895","0.9904006123542786","0.9904006123542786","0.9904006123542786","0.9907698035240173","0.9907698035240173","0.9907698035240173","0.9924312233924866","0.9924312233924866","0.9924312233924866","0.9889237880706787","0.9889237880706787","0.9889237880706787","0.9436957836151123","0.9436957836151123","0.9436957836151123","0.9425881505012512","0.9425881505012512","0.9425881505012512","0.9488646984100342","0.9488646984100342","0.9488646984100342","0.9545873999595642","0.9545873999595642","0.9545873999595642","0.9451726078987122","0.9451726078987122","0.9451726078987122","0.9139745235443115","0.9139745235443115","0.9139745235443115","0.9436957836151123","0.9436957836151123","0.9436957836151123","0.9363116025924683","0.9363116025924683","0.9363116025924683","0.909544050693512","0.909544050693512","0.909544050693512","0.9431419372558594","0.9431419372558594","0.9431419372558594","0.946649432182312","0.946649432182312","0.946649432182312","0.9361270070075989","0.9361270070075989","0.9361270070075989","0.8637622594833374","0.8637622594833374","0.8637622594833374","0.9113900661468506","0.9113900661468506","0.9113900661468506","0.9256045818328857","0.9256045818328857","0.9256045818328857","0.7205095291137695","0.7205095291137695","0.7205095291137695","0.620823323726654","0.620823323726654","0.620823323726654","0.8360716104507446","0.8360716104507446","0.8360716104507446","0.6594055891036987","0.6594055891036987","0.6594055891036987","0.5815026760101318","0.5815026760101318","0.5815026760101318","0.6276536583900452","0.6276536583900452","0.6276536583900452"
"12","0.991692841053009","0.991692841053009","0.991692841053009","0.9909543991088867","0.9909543991088867","0.9909543991088867","0.9911389946937561","0.9911389946937561","0.9911389946937561","0.9861546754837036","0.9861546754837036","0.9861546754837036","0.9892929792404175","0.9892929792404175","0.9892929792404175","0.9909543991088867","0.9909543991088867","0.9909543991088867","0.9894775748252869","0.9894775748252869","0.9894775748252869","0.9464648365974426","0.9464648365974426","0.9464648365974426","0.9601255059242249","0.9601255059242249","0.9601255059242249","0.9514491558074951","0.9514491558074951","0.9514491558074951","0.9490492939949036","0.9490492939949036","0.9490492939949036","0.9473878741264343","0.9473878741264343","0.9473878741264343","0.954033613204956","0.954033613204956","0.954033613204956","0.9472032785415649","0.9472032785415649","0.9472032785415649","0.9088056087493896","0.9088056087493896","0.9088056087493896","0.767768144607544","0.767768144607544","0.767768144607544","0.9490492939949036","0.9490492939949036","0.9490492939949036","0.9501569271087646","0.9501569271087646","0.9501569271087646","0.9233893156051636","0.9233893156051636","0.9233893156051636","0.9352039694786072","0.9352039694786072","0.9352039694786072","0.8742846846580505","0.8742846846580505","0.8742846846580505","0.8281336426734924","0.8281336426734924","0.8281336426734924","0.46021783351898193","0.46021783351898193","0.46021783351898193","0.6874653697013855","0.6874653697013855","0.6874653697013855","0.5951633453369141","0.5951633453369141","0.5951633453369141","0.6837732791900635","0.6837732791900635","0.6837732791900635","0.561750054359436","0.561750054359436","0.561750054359436","0.7005722522735596","0.7005722522735596","0.7005722522735596"
"13","0.9907698035240173","0.9907698035240173","0.9907698035240173","0.9918774366378784","0.9918774366378784","0.9918774366378784","0.9891083836555481","0.9891083836555481","0.9891083836555481","0.9874469041824341","0.9874469041824341","0.9874469041824341","0.9887391328811646","0.9887391328811646","0.9887391328811646","0.9907698035240173","0.9907698035240173","0.9907698035240173","0.9889237880706787","0.9889237880706787","0.9889237880706787","0.9350193738937378","0.9350193738937378","0.9350193738937378","0.9202510714530945","0.9202510714530945","0.9202510714530945","0.870223343372345","0.870223343372345","0.870223343372345","0.8669005036354065","0.8669005036354065","0.8669005036354065","0.9451726078987122","0.9451726078987122","0.9451726078987122","0.9484954476356506","0.9484954476356506","0.9484954476356506","0.9390806555747986","0.9390806555747986","0.9390806555747986","0.9451726078987122","0.9451726078987122","0.9451726078987122","0.9512645602226257","0.9512645602226257","0.9512645602226257","0.9510799050331116","0.9510799050331116","0.9510799050331116","0.9385268688201904","0.9385268688201904","0.9385268688201904","0.9617869853973389","0.9617869853973389","0.9617869853973389","0.5272290706634521","0.5272290706634521","0.5272290706634521","0.8903452157974243","0.8903452157974243","0.8903452157974243","0.930958092212677","0.930958092212677","0.930958092212677","0.49676942825317383","0.49676942825317383","0.49676942825317383","0.8124423027038574","0.8124423027038574","0.8124423027038574","0.4932619631290436","0.4932619631290436","0.4932619631290436","0.5556581020355225","0.5556581020355225","0.5556581020355225","0.5196603536605835","0.5196603536605835","0.5196603536605835","0.5866715908050537","0.5866715908050537","0.5866715908050537"
"14","0.9902159571647644","0.9902159571647644","0.9902159571647644","0.9911389946937561","0.9911389946937561","0.9911389946937561","0.9909543991088867","0.9909543991088867","0.9909543991088867","0.988000750541687","0.988000750541687","0.988000750541687","0.9915081858634949","0.9915081858634949","0.9915081858634949","0.990031361579895","0.990031361579895","0.990031361579895","0.9924312233924866","0.9924312233924866","0.9924312233924866","0.9342809915542603","0.9342809915542603","0.9342809915542603","0.9425881505012512","0.9425881505012512","0.9425881505012512","0.9257891774177551","0.9257891774177551","0.9257891774177551","0.9640021920204163","0.9640021920204163","0.9640021920204163","0.9344655871391296","0.9344655871391296","0.9344655871391296","0.9400036931037903","0.9400036931037903","0.9400036931037903","0.9556950330734253","0.9556950330734253","0.9556950330734253","0.9501569271087646","0.9501569271087646","0.9501569271087646","0.9440649747848511","0.9440649747848511","0.9440649747848511","0.9243123531341553","0.9243123531341553","0.9243123531341553","0.9588332772254944","0.9588332772254944","0.9588332772254944","0.8687465190887451","0.8687465190887451","0.8687465190887451","0.9484954476356506","0.9484954476356506","0.9484954476356506","0.8624700307846069","0.8624700307846069","0.8624700307846069","0.8929296731948853","0.8929296731948853","0.8929296731948853","0.7304781079292297","0.7304781079292297","0.7304781079292297","0.5495662093162537","0.5495662093162537","0.5495662093162537","0.5811334848403931","0.5811334848403931","0.5811334848403931","0.5133838057518005","0.5133838057518005","0.5133838057518005","0.5432896614074707","0.5432896614074707","0.5432896614074707","0.5569503307342529","0.5569503307342529","0.5569503307342529"
"15","0.9865239262580872","0.9865239262580872","0.9865239262580872","0.9918774366378784","0.9918774366378784","0.9918774366378784","0.9913235902786255","0.9913235902786255","0.9913235902786255","0.9887391328811646","0.9887391328811646","0.9887391328811646","0.990031361579895","0.990031361579895","0.990031361579895","0.9922466278076172","0.9922466278076172","0.9922466278076172","0.991692841053009","0.991692841053009","0.991692841053009","0.9595717191696167","0.9595717191696167","0.9595717191696167","0.9185896515846252","0.9185896515846252","0.9185896515846252","0.9300350546836853","0.9300350546836853","0.9300350546836853","0.9617869853973389","0.9617869853973389","0.9617869853973389","0.9058519601821899","0.9058519601821899","0.9058519601821899","0.9512645602226257","0.9512645602226257","0.9512645602226257","0.9669559001922607","0.9669559001922607","0.9669559001922607","0.94295734167099","0.94295734167099","0.94295734167099","0.9363116025924683","0.9363116025924683","0.9363116025924683","0.8678235411643982","0.8678235411643982","0.8678235411643982","0.9486801028251648","0.9486801028251648","0.9486801028251648","0.9145283102989197","0.9145283102989197","0.9145283102989197","0.8445634245872498","0.8445634245872498","0.8445634245872498","0.8163189888000488","0.8163189888000488","0.8163189888000488","0.9329887628555298","0.9329887628555298","0.9329887628555298","0.5325825810432434","0.5325825810432434","0.5325825810432434","0.8288720846176147","0.8288720846176147","0.8288720846176147","0.4436034560203552","0.4436034560203552","0.4436034560203552","0.767214298248291","0.767214298248291","0.767214298248291","0.40852871537208557","0.40852871537208557","0.40852871537208557","0.45006459951400757","0.45006459951400757","0.45006459951400757"
"16","0.992615818977356","0.992615818977356","0.992615818977356","0.991692841053009","0.991692841053009","0.991692841053009","0.9894775748252869","0.9894775748252869","0.9894775748252869","0.9896621704101562","0.9896621704101562","0.9896621704101562","0.9922466278076172","0.9922466278076172","0.9922466278076172","0.9918774366378784","0.9918774366378784","0.9918774366378784","0.9911389946937561","0.9911389946937561","0.9911389946937561","0.9407421350479126","0.9407421350479126","0.9407421350479126","0.9588332772254944","0.9588332772254944","0.9588332772254944","0.9091747999191284","0.9091747999191284","0.9091747999191284","0.9508953094482422","0.9508953094482422","0.9508953094482422","0.9556950330734253","0.9556950330734253","0.9556950330734253","0.9584640860557556","0.9584640860557556","0.9584640860557556","0.9416651129722595","0.9416651129722595","0.9416651129722595","0.9040058851242065","0.9040058851242065","0.9040058851242065","0.9464648365974426","0.9464648365974426","0.9464648365974426","0.9451726078987122","0.9451726078987122","0.9451726078987122","0.9315118789672852","0.9315118789672852","0.9315118789672852","0.9154513478279114","0.9154513478279114","0.9154513478279114","0.9176666140556335","0.9176666140556335","0.9176666140556335","0.8386560678482056","0.8386560678482056","0.8386560678482056","0.9470186233520508","0.9470186233520508","0.9470186233520508","0.5213217735290527","0.5213217735290527","0.5213217735290527","0.6594055891036987","0.6594055891036987","0.6594055891036987","0.6038397550582886","0.6038397550582886","0.6038397550582886","0.6156544089317322","0.6156544089317322","0.6156544089317322","0.5491969585418701","0.5491969585418701","0.5491969585418701","0.7112793326377869","0.7112793326377869","0.7112793326377869"
"17","0.9929850697517395","0.9929850697517395","0.9929850697517395","0.9911389946937561","0.9911389946937561","0.9911389946937561","0.9896621704101562","0.9896621704101562","0.9896621704101562","0.9913235902786255","0.9913235902786255","0.9913235902786255","0.990031361579895","0.990031361579895","0.990031361579895","0.9920620322227478","0.9920620322227478","0.9920620322227478","0.9865239262580872","0.9865239262580872","0.9865239262580872","0.9496030807495117","0.9496030807495117","0.9496030807495117","0.96861732006073","0.96861732006073","0.96861732006073","0.8977293968200684","0.8977293968200684","0.8977293968200684","0.96861732006073","0.96861732006073","0.96861732006073","0.9416651129722595","0.9416651129722595","0.9416651129722595","0.9213587045669556","0.9213587045669556","0.9213587045669556","0.9298504590988159","0.9298504590988159","0.9298504590988159","0.9505261182785034","0.9505261182785034","0.9505261182785034","0.936680793762207","0.936680793762207","0.936680793762207","0.9606793522834778","0.9606793522834778","0.9606793522834778","0.9117592573165894","0.9117592573165894","0.9117592573165894","0.9355732202529907","0.9355732202529907","0.9355732202529907","0.9422189593315125","0.9422189593315125","0.9422189593315125","0.9147129654884338","0.9147129654884338","0.9147129654884338","0.9422189593315125","0.9422189593315125","0.9422189593315125","0.518368124961853","0.518368124961853","0.518368124961853","0.5983016490936279","0.5983016490936279","0.5983016490936279","0.5305519700050354","0.5305519700050354","0.5305519700050354","0.6248846054077148","0.6248846054077148","0.6248846054077148","0.510983943939209","0.510983943939209","0.510983943939209","0.6331918239593506","0.6331918239593506","0.6331918239593506"
"18","0.993723452091217","0.993723452091217","0.993723452091217","0.9922466278076172","0.9922466278076172","0.9922466278076172","0.9911389946937561","0.9911389946937561","0.9911389946937561","0.9907698035240173","0.9907698035240173","0.9907698035240173","0.9924312233924866","0.9924312233924866","0.9924312233924866","0.9922466278076172","0.9922466278076172","0.9922466278076172","0.9904006123542786","0.9904006123542786","0.9904006123542786","0.9165589809417725","0.9165589809417725","0.9165589809417725","0.9520029425621033","0.9520029425621033","0.9520029425621033","0.9363116025924683","0.9363116025924683","0.9363116025924683","0.9625253677368164","0.9625253677368164","0.9625253677368164","0.9444341659545898","0.9444341659545898","0.9444341659545898","0.94295734167099","0.94295734167099","0.94295734167099","0.946649432182312","0.946649432182312","0.946649432182312","0.9333579540252686","0.9333579540252686","0.9333579540252686","0.9355732202529907","0.9355732202529907","0.9355732202529907","0.9357578158378601","0.9357578158378601","0.9357578158378601","0.9412959218025208","0.9412959218025208","0.9412959218025208","0.9172974228858948","0.9172974228858948","0.9172974228858948","0.9440649747848511","0.9440649747848511","0.9440649747848511","0.8445634245872498","0.8445634245872498","0.8445634245872498","0.9161897897720337","0.9161897897720337","0.9161897897720337","0.6350378394126892","0.6350378394126892","0.6350378394126892","0.7522614002227783","0.7522614002227783","0.7522614002227783","0.6808196306228638","0.6808196306228638","0.6808196306228638","0.7168174386024475","0.7168174386024475","0.7168174386024475","0.5427358150482178","0.5427358150482178","0.5427358150482178","0.6169466376304626","0.6169466376304626","0.6169466376304626"
"19","0.9931696653366089","0.9931696653366089","0.9931696653366089","0.9894775748252869","0.9894775748252869","0.9894775748252869","0.990031361579895","0.990031361579895","0.990031361579895","0.990585207939148","0.990585207939148","0.990585207939148","0.9924312233924866","0.9924312233924866","0.9924312233924866","0.9904006123542786","0.9904006123542786","0.9904006123542786","0.9902159571647644","0.9902159571647644","0.9902159571647644","0.9571718573570251","0.9571718573570251","0.9571718573570251","0.8532397747039795","0.8532397747039795","0.8532397747039795","0.9359424114227295","0.9359424114227295","0.9359424114227295","0.9632638096809387","0.9632638096809387","0.9632638096809387","0.9684327244758606","0.9684327244758606","0.9684327244758606","0.9477570652961731","0.9477570652961731","0.9477570652961731","0.9326195120811462","0.9326195120811462","0.9326195120811462","0.9379730224609375","0.9379730224609375","0.9379730224609375","0.9056673645973206","0.9056673645973206","0.9056673645973206","0.9104670286178589","0.9104670286178589","0.9104670286178589","0.9064057469367981","0.9064057469367981","0.9064057469367981","0.9475724697113037","0.9475724697113037","0.9475724697113037","0.9311426877975464","0.9311426877975464","0.9311426877975464","0.9329887628555298","0.9329887628555298","0.9329887628555298","0.9420343637466431","0.9420343637466431","0.9420343637466431","0.7467232942581177","0.7467232942581177","0.7467232942581177","0.8141037225723267","0.8141037225723267","0.8141037225723267","0.740077555179596","0.740077555179596","0.740077555179596","0.7284474968910217","0.7284474968910217","0.7284474968910217","0.3985600769519806","0.3985600769519806","0.3985600769519806","0.5709802508354187","0.5709802508354187","0.5709802508354187"
"20","0.9907698035240173","0.9907698035240173","0.9907698035240173","0.9902159571647644","0.9902159571647644","0.9902159571647644","0.9891083836555481","0.9891083836555481","0.9891083836555481","0.9909543991088867","0.9909543991088867","0.9909543991088867","0.9920620322227478","0.9920620322227478","0.9920620322227478","0.9902159571647644","0.9902159571647644","0.9902159571647644","0.9887391328811646","0.9887391328811646","0.9887391328811646","0.9147129654884338","0.9147129654884338","0.9147129654884338","0.9178512096405029","0.9178512096405029","0.9178512096405029","0.9136053323745728","0.9136053323745728","0.9136053323745728","0.9280044436454773","0.9280044436454773","0.9280044436454773","0.9682481288909912","0.9682481288909912","0.9682481288909912","0.9381576776504517","0.9381576776504517","0.9381576776504517","0.952372133731842","0.952372133731842","0.952372133731842","0.9160051941871643","0.9160051941871643","0.9160051941871643","0.8153959512710571","0.8153959512710571","0.8153959512710571","0.9316965341567993","0.9316965341567993","0.9316965341567993","0.9377884268760681","0.9377884268760681","0.9377884268760681","0.9612331390380859","0.9612331390380859","0.9612331390380859","0.9477570652961731","0.9477570652961731","0.9477570652961731","0.8811150193214417","0.8811150193214417","0.8811150193214417","0.8181650638580322","0.8181650638580322","0.8181650638580322","0.5802104473114014","0.5802104473114014","0.5802104473114014","0.7188480496406555","0.7188480496406555","0.7188480496406555","0.47978585958480835","0.47978585958480835","0.47978585958480835","0.5048919916152954","0.5048919916152954","0.5048919916152954","0.49566179513931274","0.49566179513931274","0.49566179513931274","0.3716078996658325","0.3716078996658325","0.3716078996658325"
"21","0.9933542609214783","0.9933542609214783","0.9933542609214783","0.99427729845047","0.99427729845047","0.99427729845047","0.9933542609214783","0.9933542609214783","0.9933542609214783","0.9924312233924866","0.9924312233924866","0.9924312233924866","0.9918774366378784","0.9918774366378784","0.9918774366378784","0.9894775748252869","0.9894775748252869","0.9894775748252869","0.9920620322227478","0.9920620322227478","0.9920620322227478","0.9368654489517212","0.9368654489517212","0.9368654489517212","0.9754476547241211","0.9754476547241211","0.9754476547241211","0.9462802410125732","0.9462802410125732","0.9462802410125732","0.9599409103393555","0.9599409103393555","0.9599409103393555","0.9396345019340515","0.9396345019340515","0.9396345019340515","0.9436957836151123","0.9436957836151123","0.9436957836151123","0.9412959218025208","0.9412959218025208","0.9412959218025208","0.9538490176200867","0.9538490176200867","0.9538490176200867","0.944618821144104","0.944618821144104","0.944618821144104","0.9545873999595642","0.9545873999595642","0.9545873999595642","0.9281890392303467","0.9281890392303467","0.9281890392303467","0.9342809915542603","0.9342809915542603","0.9342809915542603","0.9339117407798767","0.9339117407798767","0.9339117407798767","0.9250507950782776","0.9250507950782776","0.9250507950782776","0.9377884268760681","0.9377884268760681","0.9377884268760681","0.44618791341781616","0.44618791341781616","0.44618791341781616","0.7459848523139954","0.7459848523139954","0.7459848523139954","0.6313457489013672","0.6313457489013672","0.6313457489013672","0.7703526020050049","0.7703526020050049","0.7703526020050049","0.42052796483039856","0.42052796483039856","0.42052796483039856","0.5370131134986877","0.5370131134986877","0.5370131134986877"
"22","0.9920620322227478","0.9920620322227478","0.9920620322227478","0.9928004145622253","0.9928004145622253","0.9928004145622253","0.9907698035240173","0.9907698035240173","0.9907698035240173","0.991692841053009","0.991692841053009","0.991692841053009","0.9944618940353394","0.9944618940353394","0.9944618940353394","0.9915081858634949","0.9915081858634949","0.9915081858634949","0.9881853461265564","0.9881853461265564","0.9881853461265564","0.9621561765670776","0.9621561765670776","0.9621561765670776","0.9717555642127991","0.9717555642127991","0.9717555642127991","0.94295734167099","0.94295734167099","0.94295734167099","0.944618821144104","0.944618821144104","0.944618821144104","0.9204356670379639","0.9204356670379639","0.9204356670379639","0.9636330008506775","0.9636330008506775","0.9636330008506775","0.9385268688201904","0.9385268688201904","0.9385268688201904","0.952925980091095","0.952925980091095","0.952925980091095","0.9320657253265381","0.9320657253265381","0.9320657253265381","0.9088056087493896","0.9088056087493896","0.9088056087493896","0.9250507950782776","0.9250507950782776","0.9250507950782776","0.9508953094482422","0.9508953094482422","0.9508953094482422","0.9453572034835815","0.9453572034835815","0.9453572034835815","0.8968063592910767","0.8968063592910767","0.8968063592910767","0.9368654489517212","0.9368654489517212","0.9368654489517212","0.7463540434837341","0.7463540434837341","0.7463540434837341","0.7786597609519958","0.7786597609519958","0.7786597609519958","0.5851947665214539","0.5851947665214539","0.5851947665214539","0.8504707217216492","0.8504707217216492","0.8504707217216492","0.4980616569519043","0.4980616569519043","0.4980616569519043","0.4880930483341217","0.4880930483341217","0.4880930483341217"
"23","0.9924312233924866","0.9924312233924866","0.9924312233924866","0.9907698035240173","0.9907698035240173","0.9907698035240173","0.9911389946937561","0.9911389946937561","0.9911389946937561","0.9928004145622253","0.9928004145622253","0.9928004145622253","0.9909543991088867","0.9909543991088867","0.9909543991088867","0.988000750541687","0.988000750541687","0.988000750541687","0.990585207939148","0.990585207939148","0.990585207939148","0.9459110498428345","0.9459110498428345","0.9459110498428345","0.8921912312507629","0.8921912312507629","0.8921912312507629","0.9521875381469727","0.9521875381469727","0.9521875381469727","0.944618821144104","0.944618821144104","0.944618821144104","0.9538490176200867","0.9538490176200867","0.9538490176200867","0.9436957836151123","0.9436957836151123","0.9436957836151123","0.9422189593315125","0.9422189593315125","0.9422189593315125","0.9592025279998779","0.9592025279998779","0.9592025279998779","0.9381576776504517","0.9381576776504517","0.9381576776504517","0.9359424114227295","0.9359424114227295","0.9359424114227295","0.964925229549408","0.964925229549408","0.964925229549408","0.8910835981369019","0.8910835981369019","0.8910835981369019","0.9442495703697205","0.9442495703697205","0.9442495703697205","0.8960679173469543","0.8960679173469543","0.8960679173469543","0.9427727460861206","0.9427727460861206","0.9427727460861206","0.5235370397567749","0.5235370397567749","0.5235370397567749","0.8008122444152832","0.8008122444152832","0.8008122444152832","0.5244600176811218","0.5244600176811218","0.5244600176811218","0.6534982323646545","0.6534982323646545","0.6534982323646545","0.4279121160507202","0.4279121160507202","0.4279121160507202","0.532397985458374","0.532397985458374","0.532397985458374"
"24","0.9935388565063477","0.9935388565063477","0.9935388565063477","0.9920620322227478","0.9920620322227478","0.9920620322227478","0.9924312233924866","0.9924312233924866","0.9924312233924866","0.9918774366378784","0.9918774366378784","0.9918774366378784","0.9922466278076172","0.9922466278076172","0.9922466278076172","0.9913235902786255","0.9913235902786255","0.9913235902786255","0.990031361579895","0.990031361579895","0.990031361579895","0.960310161113739","0.960310161113739","0.960310161113739","0.9606793522834778","0.9606793522834778","0.9606793522834778","0.9141591191291809","0.9141591191291809","0.9141591191291809","0.9335425496101379","0.9335425496101379","0.9335425496101379","0.954033613204956","0.954033613204956","0.954033613204956","0.9340963363647461","0.9340963363647461","0.9340963363647461","0.956618070602417","0.956618070602417","0.956618070602417","0.8781613707542419","0.8781613707542419","0.8781613707542419","0.934650182723999","0.934650182723999","0.934650182723999","0.938342273235321","0.938342273235321","0.938342273235321","0.9518183469772339","0.9518183469772339","0.9518183469772339","0.8358870148658752","0.8358870148658752","0.8358870148658752","0.9431419372558594","0.9431419372558594","0.9431419372558594","0.9217278957366943","0.9217278957366943","0.9217278957366943","0.9425881505012512","0.9425881505012512","0.9425881505012512","0.47369393706321716","0.47369393706321716","0.47369393706321716","0.7325087785720825","0.7325087785720825","0.7325087785720825","0.7803212404251099","0.7803212404251099","0.7803212404251099","0.6112239360809326","0.6112239360809326","0.6112239360809326","0.5120915770530701","0.5120915770530701","0.5120915770530701","0.5682111978530884","0.5682111978530884","0.5682111978530884"
"25","0.992615818977356","0.992615818977356","0.992615818977356","0.992615818977356","0.992615818977356","0.992615818977356","0.9924312233924866","0.9924312233924866","0.9924312233924866","0.9907698035240173","0.9907698035240173","0.9907698035240173","0.9911389946937561","0.9911389946937561","0.9911389946937561","0.9887391328811646","0.9887391328811646","0.9887391328811646","0.9907698035240173","0.9907698035240173","0.9907698035240173","0.9669559001922607","0.9669559001922607","0.9669559001922607","0.9520029425621033","0.9520029425621033","0.9520029425621033","0.9444341659545898","0.9444341659545898","0.9444341659545898","0.9396345019340515","0.9396345019340515","0.9396345019340515","0.9340963363647461","0.9340963363647461","0.9340963363647461","0.9316965341567993","0.9316965341567993","0.9316965341567993","0.9610485434532166","0.9610485434532166","0.9610485434532166","0.9497876763343811","0.9497876763343811","0.9497876763343811","0.9387114644050598","0.9387114644050598","0.9387114644050598","0.9575410485267639","0.9575410485267639","0.9575410485267639","0.8717002272605896","0.8717002272605896","0.8717002272605896","0.8881299495697021","0.8881299495697021","0.8881299495697021","0.9497876763343811","0.9497876763343811","0.9497876763343811","0.93723464012146","0.93723464012146","0.93723464012146","0.9292966723442078","0.9292966723442078","0.9292966723442078","0.532951831817627","0.532951831817627","0.532951831817627","0.7720140218734741","0.7720140218734741","0.7720140218734741","0.6558980941772461","0.6558980941772461","0.6558980941772461","0.8615469932556152","0.8615469932556152","0.8615469932556152","0.41572827100753784","0.41572827100753784","0.41572827100753784","0.45892560482025146","0.45892560482025146","0.45892560482025146"
"26","0.9944618940353394","0.9944618940353394","0.9944618940353394","0.9891083836555481","0.9891083836555481","0.9891083836555481","0.9929850697517395","0.9929850697517395","0.9929850697517395","0.9889237880706787","0.9889237880706787","0.9889237880706787","0.9931696653366089","0.9931696653366089","0.9931696653366089","0.991692841053009","0.991692841053009","0.991692841053009","0.9922466278076172","0.9922466278076172","0.9922466278076172","0.9457263946533203","0.9457263946533203","0.9457263946533203","0.9532951712608337","0.9532951712608337","0.9532951712608337","0.9422189593315125","0.9422189593315125","0.9422189593315125","0.966032862663269","0.966032862663269","0.966032862663269","0.9736016392707825","0.9736016392707825","0.9736016392707825","0.9256045818328857","0.9256045818328857","0.9256045818328857","0.9459110498428345","0.9459110498428345","0.9459110498428345","0.9097286462783813","0.9097286462783813","0.9097286462783813","0.9601255059242249","0.9601255059242249","0.9601255059242249","0.9556950330734253","0.9556950330734253","0.9556950330734253","0.9224663376808167","0.9224663376808167","0.9224663376808167","0.9062211513519287","0.9062211513519287","0.9062211513519287","0.9542182087898254","0.9542182087898254","0.9542182087898254","0.9339117407798767","0.9339117407798767","0.9339117407798767","0.9494184851646423","0.9494184851646423","0.9494184851646423","0.6954033374786377","0.6954033374786377","0.6954033374786377","0.7064796090126038","0.7064796090126038","0.7064796090126038","0.44840317964553833","0.44840317964553833","0.44840317964553833","0.6320841908454895","0.6320841908454895","0.6320841908454895","0.4330810308456421","0.4330810308456421","0.4330810308456421","0.4860624074935913","0.4860624074935913","0.4860624074935913"
"27","0.9924312233924866","0.9924312233924866","0.9924312233924866","0.9922466278076172","0.9922466278076172","0.9922466278076172","0.9929850697517395","0.9929850697517395","0.9929850697517395","0.9939080476760864","0.9939080476760864","0.9939080476760864","0.9928004145622253","0.9928004145622253","0.9928004145622253","0.993723452091217","0.993723452091217","0.993723452091217","0.9913235902786255","0.9913235902786255","0.9913235902786255","0.9656636714935303","0.9656636714935303","0.9656636714935303","0.9481262564659119","0.9481262564659119","0.9481262564659119","0.9691711068153381","0.9691711068153381","0.9691711068153381","0.940372884273529","0.940372884273529","0.940372884273529","0.952925980091095","0.952925980091095","0.952925980091095","0.960310161113739","0.960310161113739","0.960310161113739","0.9132360816001892","0.9132360816001892","0.9132360816001892","0.9520029425621033","0.9520029425621033","0.9520029425621033","0.908990204334259","0.908990204334259","0.908990204334259","0.9619715809822083","0.9619715809822083","0.9619715809822083","0.9564334750175476","0.9564334750175476","0.9564334750175476","0.9172974228858948","0.9172974228858948","0.9172974228858948","0.9462802410125732","0.9462802410125732","0.9462802410125732","0.9507107138633728","0.9507107138633728","0.9507107138633728","0.9440649747848511","0.9440649747848511","0.9440649747848511","0.8316411375999451","0.8316411375999451","0.8316411375999451","0.7153406143188477","0.7153406143188477","0.7153406143188477","0.43455788493156433","0.43455788493156433","0.43455788493156433","0.7997046113014221","0.7997046113014221","0.7997046113014221","0.47609376907348633","0.47609376907348633","0.47609376907348633","0.45800259709358215","0.45800259709358215","0.45800259709358215"
"28","0.9907698035240173","0.9907698035240173","0.9907698035240173","0.9920620322227478","0.9920620322227478","0.9920620322227478","0.9931696653366089","0.9931696653366089","0.9931696653366089","0.9894775748252869","0.9894775748252869","0.9894775748252869","0.9915081858634949","0.9915081858634949","0.9915081858634949","0.9933542609214783","0.9933542609214783","0.9933542609214783","0.992615818977356","0.992615818977356","0.992615818977356","0.9741554260253906","0.9741554260253906","0.9741554260253906","0.9102824330329895","0.9102824330329895","0.9102824330329895","0.964925229549408","0.964925229549408","0.964925229549408","0.9558796286582947","0.9558796286582947","0.9558796286582947","0.9647406339645386","0.9647406339645386","0.9647406339645386","0.9412959218025208","0.9412959218025208","0.9412959218025208","0.9617869853973389","0.9617869853973389","0.9617869853973389","0.9551412463188171","0.9551412463188171","0.9551412463188171","0.954033613204956","0.954033613204956","0.954033613204956","0.9569872617721558","0.9569872617721558","0.9569872617721558","0.9536643624305725","0.9536643624305725","0.9536643624305725","0.9405574798583984","0.9405574798583984","0.9405574798583984","0.9667713046073914","0.9667713046073914","0.9667713046073914","0.9364961981773376","0.9364961981773376","0.9364961981773376","0.9544028043746948","0.9544028043746948","0.9544028043746948","0.7648144960403442","0.7648144960403442","0.7648144960403442","0.7291858792304993","0.7291858792304993","0.7291858792304993","0.46409451961517334","0.46409451961517334","0.46409451961517334","0.5903636813163757","0.5903636813163757","0.5903636813163757","0.8371792435646057","0.8371792435646057","0.8371792435646057","0.6283921003341675","0.6283921003341675","0.6283921003341675"
"29","0.9924312233924866","0.9924312233924866","0.9924312233924866","0.9935388565063477","0.9935388565063477","0.9935388565063477","0.9922466278076172","0.9922466278076172","0.9922466278076172","0.9929850697517395","0.9929850697517395","0.9929850697517395","0.991692841053009","0.991692841053009","0.991692841053009","0.9928004145622253","0.9928004145622253","0.9928004145622253","0.9894775748252869","0.9894775748252869","0.9894775748252869","0.9457263946533203","0.9457263946533203","0.9457263946533203","0.952372133731842","0.952372133731842","0.952372133731842","0.9625253677368164","0.9625253677368164","0.9625253677368164","0.9577257037162781","0.9577257037162781","0.9577257037162781","0.9636330008506775","0.9636330008506775","0.9636330008506775","0.9580948948860168","0.9580948948860168","0.9580948948860168","0.956618070602417","0.956618070602417","0.956618070602417","0.9287428259849548","0.9287428259849548","0.9287428259849548","0.952925980091095","0.952925980091095","0.952925980091095","0.9507107138633728","0.9507107138633728","0.9507107138633728","0.9512645602226257","0.9512645602226257","0.9512645602226257","0.9300350546836853","0.9300350546836853","0.9300350546836853","0.8951449394226074","0.8951449394226074","0.8951449394226074","0.9281890392303467","0.9281890392303467","0.9281890392303467","0.9455417990684509","0.9455417990684509","0.9455417990684509","0.5887022614479065","0.5887022614479065","0.5887022614479065","0.7764445543289185","0.7764445543289185","0.7764445543289185","0.46704816818237305","0.46704816818237305","0.46704816818237305","0.5421820282936096","0.5421820282936096","0.5421820282936096","0.6211925148963928","0.6211925148963928","0.6211925148963928","0.635407030582428","0.635407030582428","0.635407030582428"
"30","0.992615818977356","0.992615818977356","0.992615818977356","0.993723452091217","0.993723452091217","0.993723452091217","0.9920620322227478","0.9920620322227478","0.9920620322227478","0.99427729845047","0.99427729845047","0.99427729845047","0.9928004145622253","0.9928004145622253","0.9928004145622253","0.9944618940353394","0.9944618940353394","0.9944618940353394","0.9922466278076172","0.9922466278076172","0.9922466278076172","0.9651098251342773","0.9651098251342773","0.9651098251342773","0.9556950330734253","0.9556950330734253","0.9556950330734253","0.9418497085571289","0.9418497085571289","0.9418497085571289","0.9658482670783997","0.9658482670783997","0.9658482670783997","0.9643714427947998","0.9643714427947998","0.9643714427947998","0.9274505972862244","0.9274505972862244","0.9274505972862244","0.9545873999595642","0.9545873999595642","0.9545873999595642","0.9592025279998779","0.9592025279998779","0.9592025279998779","0.9647406339645386","0.9647406339645386","0.9647406339645386","0.8377330899238586","0.8377330899238586","0.8377330899238586","0.9525567889213562","0.9525567889213562","0.9525567889213562","0.9494184851646423","0.9494184851646423","0.9494184851646423","0.9507107138633728","0.9507107138633728","0.9507107138633728","0.950341522693634","0.950341522693634","0.950341522693634","0.9438803791999817","0.9438803791999817","0.9438803791999817","0.6837732791900635","0.6837732791900635","0.6837732791900635","0.8927450776100159","0.8927450776100159","0.8927450776100159","0.4140668213367462","0.4140668213367462","0.4140668213367462","0.435665488243103","0.435665488243103","0.435665488243103","0.5752261281013489","0.5752261281013489","0.5752261281013489","0.40871331095695496","0.40871331095695496","0.40871331095695496"
"31","0.9940926432609558","0.9940926432609558","0.9940926432609558","0.9918774366378784","0.9918774366378784","0.9918774366378784","0.9920620322227478","0.9920620322227478","0.9920620322227478","0.991692841053009","0.991692841053009","0.991692841053009","0.990031361579895","0.990031361579895","0.990031361579895","0.9939080476760864","0.9939080476760864","0.9939080476760864","0.9939080476760864","0.9939080476760864","0.9939080476760864","0.9606793522834778","0.9606793522834778","0.9606793522834778","0.9261583685874939","0.9261583685874939","0.9261583685874939","0.9763706922531128","0.9763706922531128","0.9763706922531128","0.9516337513923645","0.9516337513923645","0.9516337513923645","0.883884072303772","0.883884072303772","0.883884072303772","0.8419789671897888","0.8419789671897888","0.8419789671897888","0.9484954476356506","0.9484954476356506","0.9484954476356506","0.9601255059242249","0.9601255059242249","0.9601255059242249","0.9651098251342773","0.9651098251342773","0.9651098251342773","0.9593871235847473","0.9593871235847473","0.9593871235847473","0.9418497085571289","0.9418497085571289","0.9418497085571289","0.9344655871391296","0.9344655871391296","0.9344655871391296","0.9401882886886597","0.9401882886886597","0.9401882886886597","0.9405574798583984","0.9405574798583984","0.9405574798583984","0.9117592573165894","0.9117592573165894","0.9117592573165894","0.7906590104103088","0.7906590104103088","0.7906590104103088","0.5004615187644958","0.5004615187644958","0.5004615187644958","0.44120362401008606","0.44120362401008606","0.44120362401008606","0.7452464699745178","0.7452464699745178","0.7452464699745178","0.429942786693573","0.429942786693573","0.429942786693573","0.5325825810432434","0.5325825810432434","0.5325825810432434"
"32","0.9953848719596863","0.9953848719596863","0.9953848719596863","0.99427729845047","0.99427729845047","0.99427729845047","0.9944618940353394","0.9944618940353394","0.9944618940353394","0.99427729845047","0.99427729845047","0.99427729845047","0.9918774366378784","0.9918774366378784","0.9918774366378784","0.993723452091217","0.993723452091217","0.993723452091217","0.9920620322227478","0.9920620322227478","0.9920620322227478","0.9676942825317383","0.9676942825317383","0.9676942825317383","0.9628946185112","0.9628946185112","0.9628946185112","0.9621561765670776","0.9621561765670776","0.9621561765670776","0.9573564529418945","0.9573564529418945","0.9573564529418945","0.9628946185112","0.9628946185112","0.9628946185112","0.9440649747848511","0.9440649747848511","0.9440649747848511","0.9545873999595642","0.9545873999595642","0.9545873999595642","0.9551412463188171","0.9551412463188171","0.9551412463188171","0.9556950330734253","0.9556950330734253","0.9556950330734253","0.9590179324150085","0.9590179324150085","0.9590179324150085","0.9390806555747986","0.9390806555747986","0.9390806555747986","0.9440649747848511","0.9440649747848511","0.9440649747848511","0.9496030807495117","0.9496030807495117","0.9496030807495117","0.8194572925567627","0.8194572925567627","0.8194572925567627","0.9481262564659119","0.9481262564659119","0.9481262564659119","0.48292413353919983","0.48292413353919983","0.48292413353919983","0.8283182382583618","0.8283182382583618","0.8283182382583618","0.5410743951797485","0.5410743951797485","0.5410743951797485","0.6937419176101685","0.6937419176101685","0.6937419176101685","0.4317888021469116","0.4317888021469116","0.4317888021469116","0.47166329622268677","0.47166329622268677","0.47166329622268677"
"33","0.99427729845047","0.99427729845047","0.99427729845047","0.9931696653366089","0.9931696653366089","0.9931696653366089","0.991692841053009","0.991692841053009","0.991692841053009","0.9931696653366089","0.9931696653366089","0.9931696653366089","0.9913235902786255","0.9913235902786255","0.9913235902786255","0.9928004145622253","0.9928004145622253","0.9928004145622253","0.992615818977356","0.992615818977356","0.992615818977356","0.9628946185112","0.9628946185112","0.9628946185112","0.960310161113739","0.960310161113739","0.960310161113739","0.9562488198280334","0.9562488198280334","0.9562488198280334","0.9359424114227295","0.9359424114227295","0.9359424114227295","0.9675096869468689","0.9675096869468689","0.9675096869468689","0.9516337513923645","0.9516337513923645","0.9516337513923645","0.9438803791999817","0.9438803791999817","0.9438803791999817","0.964925229549408","0.964925229549408","0.964925229549408","0.8275798559188843","0.8275798559188843","0.8275798559188843","0.9593871235847473","0.9593871235847473","0.9593871235847473","0.9304043054580688","0.9304043054580688","0.9304043054580688","0.9060365557670593","0.9060365557670593","0.9060365557670593","0.9274505972862244","0.9274505972862244","0.9274505972862244","0.9484954476356506","0.9484954476356506","0.9484954476356506","0.9427727460861206","0.9427727460861206","0.9427727460861206","0.580025851726532","0.580025851726532","0.580025851726532","0.6673435568809509","0.6673435568809509","0.6673435568809509","0.4735093116760254","0.4735093116760254","0.4735093116760254","0.7950895428657532","0.7950895428657532","0.7950895428657532","0.4930773377418518","0.4930773377418518","0.4930773377418518","0.6252538561820984","0.6252538561820984","0.6252538561820984"
"34","0.9944618940353394","0.9944618940353394","0.9944618940353394","0.9885545372962952","0.9885545372962952","0.9885545372962952","0.9931696653366089","0.9931696653366089","0.9931696653366089","0.9928004145622253","0.9928004145622253","0.9928004145622253","0.9918774366378784","0.9918774366378784","0.9918774366378784","0.99427729845047","0.99427729845047","0.99427729845047","0.9933542609214783","0.9933542609214783","0.9933542609214783","0.9682481288909912","0.9682481288909912","0.9682481288909912","0.9627099633216858","0.9627099633216858","0.9627099633216858","0.9291120767593384","0.9291120767593384","0.9291120767593384","0.9481262564659119","0.9481262564659119","0.9481262564659119","0.871884822845459","0.871884822845459","0.871884822845459","0.9584640860557556","0.9584640860557556","0.9584640860557556","0.9379730224609375","0.9379730224609375","0.9379730224609375","0.9564334750175476","0.9564334750175476","0.9564334750175476","0.9278198480606079","0.9278198480606079","0.9278198480606079","0.9412959218025208","0.9412959218025208","0.9412959218025208","0.9638175964355469","0.9638175964355469","0.9638175964355469","0.8855454921722412","0.8855454921722412","0.8855454921722412","0.9627099633216858","0.9627099633216858","0.9627099633216858","0.9359424114227295","0.9359424114227295","0.9359424114227295","0.9457263946533203","0.9457263946533203","0.9457263946533203","0.37917667627334595","0.37917667627334595","0.37917667627334595","0.48292413353919983","0.48292413353919983","0.48292413353919983","0.40483662486076355","0.40483662486076355","0.40483662486076355","0.5039690136909485","0.5039690136909485","0.5039690136909485","0.49769243597984314","0.49769243597984314","0.49769243597984314","0.5041536092758179","0.5041536092758179","0.5041536092758179"
"35","0.9929850697517395","0.9929850697517395","0.9929850697517395","0.992615818977356","0.992615818977356","0.992615818977356","0.9918774366378784","0.9918774366378784","0.9918774366378784","0.9920620322227478","0.9920620322227478","0.9920620322227478","0.9939080476760864","0.9939080476760864","0.9939080476760864","0.99427729845047","0.99427729845047","0.99427729845047","0.992615818977356","0.992615818977356","0.992615818977356","0.9396345019340515","0.9396345019340515","0.9396345019340515","0.9196972250938416","0.9196972250938416","0.9196972250938416","0.9747092723846436","0.9747092723846436","0.9747092723846436","0.9712017774581909","0.9712017774581909","0.9712017774581909","0.9510799050331116","0.9510799050331116","0.9510799050331116","0.9614177346229553","0.9614177346229553","0.9614177346229553","0.9239431619644165","0.9239431619644165","0.9239431619644165","0.9564334750175476","0.9564334750175476","0.9564334750175476","0.9497876763343811","0.9497876763343811","0.9497876763343811","0.9606793522834778","0.9606793522834778","0.9606793522834778","0.9608639478683472","0.9608639478683472","0.9608639478683472","0.9268968105316162","0.9268968105316162","0.9268968105316162","0.9315118789672852","0.9315118789672852","0.9315118789672852","0.9518183469772339","0.9518183469772339","0.9518183469772339","0.9043751358985901","0.9043751358985901","0.9043751358985901","0.5471663475036621","0.5471663475036621","0.5471663475036621","0.6955879926681519","0.6955879926681519","0.6955879926681519","0.5748569369316101","0.5748569369316101","0.5748569369316101","0.48181650042533875","0.48181650042533875","0.48181650042533875","0.44434189796447754","0.44434189796447754","0.44434189796447754","0.6653128862380981","0.6653128862380981","0.6653128862380981"
"36","0.9946464896202087","0.9946464896202087","0.9946464896202087","0.9946464896202087","0.9946464896202087","0.9946464896202087","0.9933542609214783","0.9933542609214783","0.9933542609214783","0.990585207939148","0.990585207939148","0.990585207939148","0.9935388565063477","0.9935388565063477","0.9935388565063477","0.9940926432609558","0.9940926432609558","0.9940926432609558","0.9913235902786255","0.9913235902786255","0.9913235902786255","0.9695403575897217","0.9695403575897217","0.9695403575897217","0.9494184851646423","0.9494184851646423","0.9494184851646423","0.9508953094482422","0.9508953094482422","0.9508953094482422","0.9285582304000854","0.9285582304000854","0.9285582304000854","0.9075133800506592","0.9075133800506592","0.9075133800506592","0.9256045818328857","0.9256045818328857","0.9256045818328857","0.9588332772254944","0.9588332772254944","0.9588332772254944","0.9713863730430603","0.9713863730430603","0.9713863730430603","0.8368100523948669","0.8368100523948669","0.8368100523948669","0.9625253677368164","0.9625253677368164","0.9625253677368164","0.9019752740859985","0.9019752740859985","0.9019752740859985","0.9617869853973389","0.9617869853973389","0.9617869853973389","0.939265251159668","0.939265251159668","0.939265251159668","0.9604947566986084","0.9604947566986084","0.9604947566986084","0.938342273235321","0.938342273235321","0.938342273235321","0.4360347092151642","0.4360347092151642","0.4360347092151642","0.4574487805366516","0.4574487805366516","0.4574487805366516","0.4753553569316864","0.4753553569316864","0.4753553569316864","0.47000184655189514","0.47000184655189514","0.47000184655189514","0.4232970178127289","0.4232970178127289","0.4232970178127289","0.7013106942176819","0.7013106942176819","0.7013106942176819"
"37","0.9939080476760864","0.9939080476760864","0.9939080476760864","0.9929850697517395","0.9929850697517395","0.9929850697517395","0.9929850697517395","0.9929850697517395","0.9929850697517395","0.9933542609214783","0.9933542609214783","0.9933542609214783","0.9933542609214783","0.9933542609214783","0.9933542609214783","0.9896621704101562","0.9896621704101562","0.9896621704101562","0.9931696653366089","0.9931696653366089","0.9931696653366089","0.9678788781166077","0.9678788781166077","0.9678788781166077","0.9584640860557556","0.9584640860557556","0.9584640860557556","0.9470186233520508","0.9470186233520508","0.9470186233520508","0.9568026661872864","0.9568026661872864","0.9568026661872864","0.9625253677368164","0.9625253677368164","0.9625253677368164","0.9304043054580688","0.9304043054580688","0.9304043054580688","0.8687465190887451","0.8687465190887451","0.8687465190887451","0.9593871235847473","0.9593871235847473","0.9593871235847473","0.9545873999595642","0.9545873999595642","0.9545873999595642","0.9307734966278076","0.9307734966278076","0.9307734966278076","0.9219124913215637","0.9219124913215637","0.9219124913215637","0.9468340277671814","0.9468340277671814","0.9468340277671814","0.9643714427947998","0.9643714427947998","0.9643714427947998","0.9398190975189209","0.9398190975189209","0.9398190975189209","0.9388960599899292","0.9388960599899292","0.9388960599899292","0.5949787497520447","0.5949787497520447","0.5949787497520447","0.714417576789856","0.714417576789856","0.714417576789856","0.5818718671798706","0.5818718671798706","0.5818718671798706","0.514676034450531","0.514676034450531","0.514676034450531","0.4317888021469116","0.4317888021469116","0.4317888021469116","0.5185527205467224","0.5185527205467224","0.5185527205467224"
"38","0.9935388565063477","0.9935388565063477","0.9935388565063477","0.9924312233924866","0.9924312233924866","0.9924312233924866","0.9931696653366089","0.9931696653366089","0.9931696653366089","0.993723452091217","0.993723452091217","0.993723452091217","0.9929850697517395","0.9929850697517395","0.9929850697517395","0.993723452091217","0.993723452091217","0.993723452091217","0.9924312233924866","0.9924312233924866","0.9924312233924866","0.9736016392707825","0.9736016392707825","0.9736016392707825","0.9287428259849548","0.9287428259849548","0.9287428259849548","0.9721248149871826","0.9721248149871826","0.9721248149871826","0.9462802410125732","0.9462802410125732","0.9462802410125732","0.9717555642127991","0.9717555642127991","0.9717555642127991","0.9699095487594604","0.9699095487594604","0.9699095487594604","0.9610485434532166","0.9610485434532166","0.9610485434532166","0.9433265924453735","0.9433265924453735","0.9433265924453735","0.9337271451950073","0.9337271451950073","0.9337271451950073","0.9579102993011475","0.9579102993011475","0.9579102993011475","0.9599409103393555","0.9599409103393555","0.9599409103393555","0.9542182087898254","0.9542182087898254","0.9542182087898254","0.8689311146736145","0.8689311146736145","0.8689311146736145","0.9350193738937378","0.9350193738937378","0.9350193738937378","0.9486801028251648","0.9486801028251648","0.9486801028251648","0.47664758563041687","0.47664758563041687","0.47664758563041687","0.5318441987037659","0.5318441987037659","0.5318441987037659","0.5639653205871582","0.5639653205871582","0.5639653205871582","0.5242754220962524","0.5242754220962524","0.5242754220962524","0.43252721428871155","0.43252721428871155","0.43252721428871155","0.4941849708557129","0.4941849708557129","0.4941849708557129"
"39","0.9920620322227478","0.9920620322227478","0.9920620322227478","0.993723452091217","0.993723452091217","0.993723452091217","0.993723452091217","0.993723452091217","0.993723452091217","0.9929850697517395","0.9929850697517395","0.9929850697517395","0.9894775748252869","0.9894775748252869","0.9894775748252869","0.9944618940353394","0.9944618940353394","0.9944618940353394","0.9920620322227478","0.9920620322227478","0.9920620322227478","0.9580948948860168","0.9580948948860168","0.9580948948860168","0.9562488198280334","0.9562488198280334","0.9562488198280334","0.970647931098938","0.970647931098938","0.970647931098938","0.9518183469772339","0.9518183469772339","0.9518183469772339","0.962340772151947","0.962340772151947","0.962340772151947","0.9564334750175476","0.9564334750175476","0.9564334750175476","0.96861732006073","0.96861732006073","0.96861732006073","0.966032862663269","0.966032862663269","0.966032862663269","0.9483108520507812","0.9483108520507812","0.9483108520507812","0.9514491558074951","0.9514491558074951","0.9514491558074951","0.954033613204956","0.954033613204956","0.954033613204956","0.9440649747848511","0.9440649747848511","0.9440649747848511","0.9577257037162781","0.9577257037162781","0.9577257037162781","0.9571718573570251","0.9571718573570251","0.9571718573570251","0.9353885650634766","0.9353885650634766","0.9353885650634766","0.5495662093162537","0.5495662093162537","0.5495662093162537","0.6256230473518372","0.6256230473518372","0.6256230473518372","0.6008861064910889","0.6008861064910889","0.6008861064910889","0.49363115429878235","0.49363115429878235","0.49363115429878235","0.6819272637367249","0.6819272637367249","0.6819272637367249","0.4055750370025635","0.4055750370025635","0.4055750370025635"
"40","0.9929850697517395","0.9929850697517395","0.9929850697517395","","","","","","","","","","0.9918774366378784","0.9918774366378784","0.9918774366378784","","","","","","","","","","","","","","","","","","","","","","","","","","","","","","","","","","","","","","","","","","","","","","","","","","","","","","","","","","","","","","","","","","","","",""
"41","0.991692841053009","0.991692841053009","0.991692841053009","","","","","","","","","","0.993723452091217","0.993723452091217","0.993723452091217","","","","","","","","","","","","","","","","","","","","","","","","","","","","","","","","","","","","","","","","","","","","","","","","","","","","","","","","","","","","","","","","","","","","",""
"42","0.9928004145622253","0.9928004145622253","0.9928004145622253","","","","","","","","","","0.9924312233924866","0.9924312233924866","0.9924312233924866","","","","","","","","","","","","","","","","","","","","","","","","","","","","","","","","","","","","","","","","","","","","","","","","","","","","","","","","","","","","","","","","","","","","",""
"43","0.9922466278076172","0.9922466278076172","0.9922466278076172","","","","","","","","","","0.9929850697517395","0.9929850697517395","0.9929850697517395","","","","","","","","","","","","","","","","","","","","","","","","","","","","","","","","","","","","","","","","","","","","","","","","","","","","","","","","","","","","","","","","","","","","",""
"44","0.9894775748252869","0.9894775748252869","0.9894775748252869","","","","","","","","","","0.9933542609214783","0.9933542609214783","0.9933542609214783","","","","","","","","","","","","","","","","","","","","","","","","","","","","","","","","","","","","","","","","","","","","","","","","","","","","","","","","","","","","","","","","","","","","",""
"45","0.9902159571647644","0.9902159571647644","0.9902159571647644","","","","","","","","","","0.9907698035240173","0.9907698035240173","0.9907698035240173","","","","","","","","","","","","","","","","","","","","","","","","","","","","","","","","","","","","","","","","","","","","","","","","","","","","","","","","","","","","","","","","","","","","",""
"46","0.9929850697517395","0.9929850697517395","0.9929850697517395","","","","","","","","","","0.9931696653366089","0.9931696653366089","0.9931696653366089","","","","","","","","","","","","","","","","","","","","","","","","","","","","","","","","","","","","","","","","","","","","","","","","","","","","","","","","","","","","","","","","","","","","",""
"47","0.993723452091217","0.993723452091217","0.993723452091217","","","","","","","","","","0.9918774366378784","0.9918774366378784","0.9918774366378784","","","","","","","","","","","","","","","","","","","","","","","","","","","","","","","","","","","","","","","","","","","","","","","","","","","","","","","","","","","","","","","","","","","","",""
"48","0.9940926432609558","0.9940926432609558","0.9940926432609558","","","","","","","","","","0.9948310852050781","0.9948310852050781","0.9948310852050781","","","","","","","","","","","","","","","","","","","","","","","","","","","","","","","","","","","","","","","","","","","","","","","","","","","","","","","","","","","","","","","","","","","","",""
"49","0.993723452091217","0.993723452091217","0.993723452091217","","","","","","","","","","0.9939080476760864","0.9939080476760864","0.9939080476760864","","","","","","","","","","","","","","","","","","","","","","","","","","","","","","","","","","","","","","","","","","","","","","","","","","","","","","","","","","","","","","","","","","","","",""