"Step","efb0_15-06_8h24m46s - val_loss","efb0_15-06_8h24m46s - val_loss__MIN","efb0_15-06_8h24m46s - val_loss__MAX","efb0_14-06_22h24m5s - val_loss","efb0_14-06_22h24m5s - val_loss__MIN","efb0_14-06_22h24m5s - val_loss__MAX","efb0_14-06_22h21m14s - val_loss","efb0_14-06_22h21m14s - val_loss__MIN","efb0_14-06_22h21m14s - val_loss__MAX","efb0_14-06_22h33m3s - val_loss","efb0_14-06_22h33m3s - val_loss__MIN","efb0_14-06_22h33m3s - val_loss__MAX","efb0_15-06_8h29m23s - val_loss","efb0_15-06_8h29m23s - val_loss__MIN","efb0_15-06_8h29m23s - val_loss__MAX","efb0_14-06_22h35m15s - val_loss","efb0_14-06_22h35m15s - val_loss__MIN","efb0_14-06_22h35m15s - val_loss__MAX","efb0_14-06_22h40m50s - val_loss","efb0_14-06_22h40m50s - val_loss__MIN","efb0_14-06_22h40m50s - val_loss__MAX","dn201_14-06_13h14m46s - val_loss","dn201_14-06_13h14m46s - val_loss__MIN","dn201_14-06_13h14m46s - val_loss__MAX","dn201_14-06_13h18m7s - val_loss","dn201_14-06_13h18m7s - val_loss__MIN","dn201_14-06_13h18m7s - val_loss__MAX","dn201_14-06_13h19m58s - val_loss","dn201_14-06_13h19m58s - val_loss__MIN","dn201_14-06_13h19m58s - val_loss__MAX","dn201_14-06_13h11m36s - val_loss","dn201_14-06_13h11m36s - val_loss__MIN","dn201_14-06_13h11m36s - val_loss__MAX","dn201_14-06_13h17m53s - val_loss","dn201_14-06_13h17m53s - val_loss__MIN","dn201_14-06_13h17m53s - val_loss__MAX","inception_14-06_19h1m2s - val_loss","inception_14-06_19h1m2s - val_loss__MIN","inception_14-06_19h1m2s - val_loss__MAX","inception_14-06_18h53m23s - val_loss","inception_14-06_18h53m23s - val_loss__MIN","inception_14-06_18h53m23s - val_loss__MAX","inception_14-06_18h48m47s - val_loss","inception_14-06_18h48m47s - val_loss__MIN","inception_14-06_18h48m47s - val_loss__MAX","model_14-06_13h18m58s - val_loss","model_14-06_13h18m58s - val_loss__MIN","model_14-06_13h18m58s - val_loss__MAX","inception_14-06_18h47m47s - val_loss","inception_14-06_18h47m47s - val_loss__MIN","inception_14-06_18h47m47s - val_loss__MAX","inception_14-06_18h47m32s - val_loss","inception_14-06_18h47m32s - val_loss__MIN","inception_14-06_18h47m32s - val_loss__MAX","model_14-06_13h19m30s - val_loss","model_14-06_13h19m30s - val_loss__MIN","model_14-06_13h19m30s - val_loss__MAX","inception_14-06_18h49m41s - val_loss","inception_14-06_18h49m41s - val_loss__MIN","inception_14-06_18h49m41s - val_loss__MAX","inception_14-06_18h50m49s - val_loss","inception_14-06_18h50m49s - val_loss__MIN","inception_14-06_18h50m49s - val_loss__MAX","dn121_14-06_18h56m40s - val_loss","dn121_14-06_18h56m40s - val_loss__MIN","dn121_14-06_18h56m40s - val_loss__MAX","rn50_14-06_20h40m57s - val_loss","rn50_14-06_20h40m57s - val_loss__MIN","rn50_14-06_20h40m57s - val_loss__MAX","rn50_14-06_20h42m45s - val_loss","rn50_14-06_20h42m45s - val_loss__MIN","rn50_14-06_20h42m45s - val_loss__MAX","rn50_14-06_20h41m37s - val_loss","rn50_14-06_20h41m37s - val_loss__MIN","rn50_14-06_20h41m37s - val_loss__MAX","rn50_14-06_20h46m45s - val_loss","rn50_14-06_20h46m45s - val_loss__MIN","rn50_14-06_20h46m45s - val_loss__MAX","rn50_14-06_20h57m33s - val_loss","rn50_14-06_20h57m33s - val_loss__MIN","rn50_14-06_20h57m33s - val_loss__MAX","rn50_14-06_20h46m36s - val_loss","rn50_14-06_20h46m36s - val_loss__MIN","rn50_14-06_20h46m36s - val_loss__MAX"
"0","0.12096996605396271","0.12096996605396271","0.12096996605396271","0.12090767920017242","0.12090767920017242","0.12090767920017242","0.12691892683506012","0.12691892683506012","0.12691892683506012","0.171274796128273","0.171274796128273","0.171274796128273","0.14103995263576508","0.14103995263576508","0.14103995263576508","0.17449064552783966","0.17449064552783966","0.17449064552783966","0.1520160287618637","0.1520160287618637","0.1520160287618637","0.35915249586105347","0.35915249586105347","0.35915249586105347","0.35863956809043884","0.35863956809043884","0.35863956809043884","0.6252777576446533","0.6252777576446533","0.6252777576446533","0.733893632888794","0.733893632888794","0.733893632888794","0.6509287357330322","0.6509287357330322","0.6509287357330322","0.345836877822876","0.345836877822876","0.345836877822876","0.5559879541397095","0.5559879541397095","0.5559879541397095","0.3833930492401123","0.3833930492401123","0.3833930492401123","0.3806022107601166","0.3806022107601166","0.3806022107601166","0.3885018825531006","0.3885018825531006","0.3885018825531006","0.3468589782714844","0.3468589782714844","0.3468589782714844","0.4822486340999603","0.4822486340999603","0.4822486340999603","0.4332248568534851","0.4332248568534851","0.4332248568534851","0.47115883231163025","0.47115883231163025","0.47115883231163025","0.3938765823841095","0.3938765823841095","0.3938765823841095","0.2317158579826355","0.2317158579826355","0.2317158579826355","0.3861946761608124","0.3861946761608124","0.3861946761608124","0.2776406407356262","0.2776406407356262","0.2776406407356262","0.30037200450897217","0.30037200450897217","0.30037200450897217","0.36200737953186035","0.36200737953186035","0.36200737953186035","0.6585060358047485","0.6585060358047485","0.6585060358047485"
"1","0.08417574316263199","0.08417574316263199","0.08417574316263199","0.07477476447820663","0.07477476447820663","0.07477476447820663","0.07771492749452591","0.07771492749452591","0.07771492749452591","0.08459073305130005","0.08459073305130005","0.08459073305130005","0.07345732301473618","0.07345732301473618","0.07345732301473618","0.08425714820623398","0.08425714820623398","0.08425714820623398","0.08281203359365463","0.08281203359365463","0.08281203359365463","0.20287783443927765","0.20287783443927765","0.20287783443927765","0.25157710909843445","0.25157710909843445","0.25157710909843445","0.508336067199707","0.508336067199707","0.508336067199707","0.21613363921642303","0.21613363921642303","0.21613363921642303","0.30896422266960144","0.30896422266960144","0.30896422266960144","0.3949972689151764","0.3949972689151764","0.3949972689151764","0.3936344087123871","0.3936344087123871","0.3936344087123871","0.2712808847427368","0.2712808847427368","0.2712808847427368","1.0103319883346558","1.0103319883346558","1.0103319883346558","0.866466224193573","0.866466224193573","0.866466224193573","0.577698290348053","0.577698290348053","0.577698290348053","0.2864949405193329","0.2864949405193329","0.2864949405193329","0.4948355555534363","0.4948355555534363","0.4948355555534363","0.843669056892395","0.843669056892395","0.843669056892395","0.2581900358200073","0.2581900358200073","0.2581900358200073","1.8160220384597778","1.8160220384597778","1.8160220384597778","0.45025116205215454","0.45025116205215454","0.45025116205215454","0.32185614109039307","0.32185614109039307","0.32185614109039307","0.3565419912338257","0.3565419912338257","0.3565419912338257","1.8391568660736084","1.8391568660736084","1.8391568660736084","1.4837372303009033","1.4837372303009033","1.4837372303009033"
"2","0.06235643848776817","0.06235643848776817","0.06235643848776817","0.0597037635743618","0.0597037635743618","0.0597037635743618","0.06096431985497475","0.06096431985497475","0.06096431985497475","0.057131413370370865","0.057131413370370865","0.057131413370370865","0.0562775693833828","0.0562775693833828","0.0562775693833828","0.07173773646354675","0.07173773646354675","0.07173773646354675","0.06865699589252472","0.06865699589252472","0.06865699589252472","0.1883993297815323","0.1883993297815323","0.1883993297815323","0.2323516607284546","0.2323516607284546","0.2323516607284546","0.3702447712421417","0.3702447712421417","0.3702447712421417","0.25776857137680054","0.25776857137680054","0.25776857137680054","0.2594805359840393","0.2594805359840393","0.2594805359840393","0.6459034085273743","0.6459034085273743","0.6459034085273743","0.22370918095111847","0.22370918095111847","0.22370918095111847","0.4423190951347351","0.4423190951347351","0.4423190951347351","0.32951730489730835","0.32951730489730835","0.32951730489730835","0.24226310849189758","0.24226310849189758","0.24226310849189758","0.3671368360519409","0.3671368360519409","0.3671368360519409","0.5299223065376282","0.5299223065376282","0.5299223065376282","0.3421652317047119","0.3421652317047119","0.3421652317047119","0.7309000492095947","0.7309000492095947","0.7309000492095947","0.3520255386829376","0.3520255386829376","0.3520255386829376","0.6347687840461731","0.6347687840461731","0.6347687840461731","0.4443703293800354","0.4443703293800354","0.4443703293800354","0.9618918895721436","0.9618918895721436","0.9618918895721436","1.834545373916626","1.834545373916626","1.834545373916626","1.4784306287765503","1.4784306287765503","1.4784306287765503","0.9271396398544312","0.9271396398544312","0.9271396398544312"
"3","0.04439407214522362","0.04439407214522362","0.04439407214522362","0.04669348523020744","0.04669348523020744","0.04669348523020744","0.05001434311270714","0.05001434311270714","0.05001434311270714","0.05063869431614876","0.05063869431614876","0.05063869431614876","0.04754463955760002","0.04754463955760002","0.04754463955760002","0.05018417537212372","0.05018417537212372","0.05018417537212372","0.04839305952191353","0.04839305952191353","0.04839305952191353","0.31422367691993713","0.31422367691993713","0.31422367691993713","0.19800640642642975","0.19800640642642975","0.19800640642642975","0.19836358726024628","0.19836358726024628","0.19836358726024628","0.23770512640476227","0.23770512640476227","0.23770512640476227","0.16465288400650024","0.16465288400650024","0.16465288400650024","0.44072073698043823","0.44072073698043823","0.44072073698043823","0.2302776724100113","0.2302776724100113","0.2302776724100113","0.25411882996559143","0.25411882996559143","0.25411882996559143","0.3340515196323395","0.3340515196323395","0.3340515196323395","0.30140799283981323","0.30140799283981323","0.30140799283981323","0.41453346610069275","0.41453346610069275","0.41453346610069275","0.19526071846485138","0.19526071846485138","0.19526071846485138","0.32516297698020935","0.32516297698020935","0.32516297698020935","0.41447019577026367","0.41447019577026367","0.41447019577026367","0.2087743580341339","0.2087743580341339","0.2087743580341339","2.057624101638794","2.057624101638794","2.057624101638794","0.8356718420982361","0.8356718420982361","0.8356718420982361","0.48909980058670044","0.48909980058670044","0.48909980058670044","1.0932977199554443","1.0932977199554443","1.0932977199554443","2.901078939437866","2.901078939437866","2.901078939437866","3.4968836307525635","3.4968836307525635","3.4968836307525635"
"4","0.03876154124736786","0.03876154124736786","0.03876154124736786","0.03941285237669945","0.03941285237669945","0.03941285237669945","0.04671753570437431","0.04671753570437431","0.04671753570437431","0.04464646056294441","0.04464646056294441","0.04464646056294441","0.04066672548651695","0.04066672548651695","0.04066672548651695","0.044065989553928375","0.044065989553928375","0.044065989553928375","0.04701276496052742","0.04701276496052742","0.04701276496052742","0.21986529231071472","0.21986529231071472","0.21986529231071472","0.13914862275123596","0.13914862275123596","0.13914862275123596","0.19006985425949097","0.19006985425949097","0.19006985425949097","0.6353920102119446","0.6353920102119446","0.6353920102119446","0.14411936700344086","0.14411936700344086","0.14411936700344086","0.18955978751182556","0.18955978751182556","0.18955978751182556","0.20297768712043762","0.20297768712043762","0.20297768712043762","0.22764313220977783","0.22764313220977783","0.22764313220977783","0.20603470504283905","0.20603470504283905","0.20603470504283905","0.2681374251842499","0.2681374251842499","0.2681374251842499","0.3394850492477417","0.3394850492477417","0.3394850492477417","0.8045416474342346","0.8045416474342346","0.8045416474342346","0.32201245427131653","0.32201245427131653","0.32201245427131653","0.5532042384147644","0.5532042384147644","0.5532042384147644","0.2438982129096985","0.2438982129096985","0.2438982129096985","2.01774001121521","2.01774001121521","2.01774001121521","0.4538761377334595","0.4538761377334595","0.4538761377334595","3.040590286254883","3.040590286254883","3.040590286254883","1.6985584497451782","1.6985584497451782","1.6985584497451782","2.580807685852051","2.580807685852051","2.580807685852051","4.630499362945557","4.630499362945557","4.630499362945557"
"5","0.04116318002343178","0.04116318002343178","0.04116318002343178","0.038199570029973984","0.038199570029973984","0.038199570029973984","0.045686591416597366","0.045686591416597366","0.045686591416597366","0.045186396688222885","0.045186396688222885","0.045186396688222885","0.043442949652671814","0.043442949652671814","0.043442949652671814","0.03972974419593811","0.03972974419593811","0.03972974419593811","0.04294627532362938","0.04294627532362938","0.04294627532362938","0.34832528233528137","0.34832528233528137","0.34832528233528137","0.16013416647911072","0.16013416647911072","0.16013416647911072","0.16255207359790802","0.16255207359790802","0.16255207359790802","0.4814479351043701","0.4814479351043701","0.4814479351043701","0.16567960381507874","0.16567960381507874","0.16567960381507874","0.23230552673339844","0.23230552673339844","0.23230552673339844","0.16506440937519073","0.16506440937519073","0.16506440937519073","0.18053488433361053","0.18053488433361053","0.18053488433361053","0.19931276142597198","0.19931276142597198","0.19931276142597198","0.4597416818141937","0.4597416818141937","0.4597416818141937","0.30379554629325867","0.30379554629325867","0.30379554629325867","0.13621680438518524","0.13621680438518524","0.13621680438518524","0.567510187625885","0.567510187625885","0.567510187625885","0.35771313309669495","0.35771313309669495","0.35771313309669495","0.23707260191440582","0.23707260191440582","0.23707260191440582","6.783133506774902","6.783133506774902","6.783133506774902","1.3817532062530518","1.3817532062530518","1.3817532062530518","0.9843217134475708","0.9843217134475708","0.9843217134475708","2.7223105430603027","2.7223105430603027","2.7223105430603027","4.60663366317749","4.60663366317749","4.60663366317749","2.9825143814086914","2.9825143814086914","2.9825143814086914"
"6","0.043112702667713165","0.043112702667713165","0.043112702667713165","0.03338370472192764","0.03338370472192764","0.03338370472192764","0.048074085265398026","0.048074085265398026","0.048074085265398026","0.043544720858335495","0.043544720858335495","0.043544720858335495","0.037082523107528687","0.037082523107528687","0.037082523107528687","0.03786681964993477","0.03786681964993477","0.03786681964993477","0.040721822530031204","0.040721822530031204","0.040721822530031204","0.19706779718399048","0.19706779718399048","0.19706779718399048","0.17362529039382935","0.17362529039382935","0.17362529039382935","0.23950456082820892","0.23950456082820892","0.23950456082820892","0.2616032660007477","0.2616032660007477","0.2616032660007477","0.49395501613616943","0.49395501613616943","0.49395501613616943","0.16299045085906982","0.16299045085906982","0.16299045085906982","0.19366946816444397","0.19366946816444397","0.19366946816444397","0.5214698314666748","0.5214698314666748","0.5214698314666748","0.18495872616767883","0.18495872616767883","0.18495872616767883","0.19704008102416992","0.19704008102416992","0.19704008102416992","0.20574231445789337","0.20574231445789337","0.20574231445789337","0.16606508195400238","0.16606508195400238","0.16606508195400238","0.23112690448760986","0.23112690448760986","0.23112690448760986","0.49048203229904175","0.49048203229904175","0.49048203229904175","0.2762901782989502","0.2762901782989502","0.2762901782989502","5.258109092712402","5.258109092712402","5.258109092712402","1.7738206386566162","1.7738206386566162","1.7738206386566162","0.4668651223182678","0.4668651223182678","0.4668651223182678","0.4840753674507141","0.4840753674507141","0.4840753674507141","3.560575246810913","3.560575246810913","3.560575246810913","2.283752679824829","2.283752679824829","2.283752679824829"
"7","0.037937335669994354","0.037937335669994354","0.037937335669994354","0.03203461691737175","0.03203461691737175","0.03203461691737175","0.043782562017440796","0.043782562017440796","0.043782562017440796","0.0362548828125","0.0362548828125","0.0362548828125","0.03220650926232338","0.03220650926232338","0.03220650926232338","0.033962052315473557","0.033962052315473557","0.033962052315473557","0.03992055356502533","0.03992055356502533","0.03992055356502533","0.35715752840042114","0.35715752840042114","0.35715752840042114","0.2612716257572174","0.2612716257572174","0.2612716257572174","0.18368899822235107","0.18368899822235107","0.18368899822235107","0.2602384388446808","0.2602384388446808","0.2602384388446808","0.4922262132167816","0.4922262132167816","0.4922262132167816","0.18632090091705322","0.18632090091705322","0.18632090091705322","0.28786641359329224","0.28786641359329224","0.28786641359329224","0.2547566890716553","0.2547566890716553","0.2547566890716553","0.2661167085170746","0.2661167085170746","0.2661167085170746","0.16435514390468597","0.16435514390468597","0.16435514390468597","0.33893728256225586","0.33893728256225586","0.33893728256225586","0.2725176215171814","0.2725176215171814","0.2725176215171814","0.1845121681690216","0.1845121681690216","0.1845121681690216","0.37372079491615295","0.37372079491615295","0.37372079491615295","0.2964725196361542","0.2964725196361542","0.2964725196361542","4.454765319824219","4.454765319824219","4.454765319824219","2.665940999984741","2.665940999984741","2.665940999984741","0.6184385418891907","0.6184385418891907","0.6184385418891907","0.8747231960296631","0.8747231960296631","0.8747231960296631","2.6567554473876953","2.6567554473876953","2.6567554473876953","0.703672468662262","0.703672468662262","0.703672468662262"
"8","0.042006589472293854","0.042006589472293854","0.042006589472293854","0.02546066790819168","0.02546066790819168","0.02546066790819168","0.03915143758058548","0.03915143758058548","0.03915143758058548","0.05815085396170616","0.05815085396170616","0.05815085396170616","0.030124060809612274","0.030124060809612274","0.030124060809612274","0.03386351466178894","0.03386351466178894","0.03386351466178894","0.0352756641805172","0.0352756641805172","0.0352756641805172","0.1477791965007782","0.1477791965007782","0.1477791965007782","0.16092583537101746","0.16092583537101746","0.16092583537101746","0.32156047224998474","0.32156047224998474","0.32156047224998474","0.29913339018821716","0.29913339018821716","0.29913339018821716","0.17984738945960999","0.17984738945960999","0.17984738945960999","0.16348637640476227","0.16348637640476227","0.16348637640476227","0.2213323414325714","0.2213323414325714","0.2213323414325714","0.37523725628852844","0.37523725628852844","0.37523725628852844","0.1708943098783493","0.1708943098783493","0.1708943098783493","0.17273715138435364","0.17273715138435364","0.17273715138435364","0.30318620800971985","0.30318620800971985","0.30318620800971985","0.24207690358161926","0.24207690358161926","0.24207690358161926","0.17149774730205536","0.17149774730205536","0.17149774730205536","0.4719471335411072","0.4719471335411072","0.4719471335411072","0.21055641770362854","0.21055641770362854","0.21055641770362854","1.8997431993484497","1.8997431993484497","1.8997431993484497","0.6537118554115295","0.6537118554115295","0.6537118554115295","0.5433081388473511","0.5433081388473511","0.5433081388473511","7.00409460067749","7.00409460067749","7.00409460067749","4.105376720428467","4.105376720428467","4.105376720428467","7.210879802703857","7.210879802703857","7.210879802703857"
"9","0.04157568886876106","0.04157568886876106","0.04157568886876106","0.03090655244886875","0.03090655244886875","0.03090655244886875","0.036514632403850555","0.036514632403850555","0.036514632403850555","0.028273897245526314","0.028273897245526314","0.028273897245526314","0.03351288661360741","0.03351288661360741","0.03351288661360741","0.026958759874105453","0.026958759874105453","0.026958759874105453","0.03155646473169327","0.03155646473169327","0.03155646473169327","0.7062605619430542","0.7062605619430542","0.7062605619430542","0.31196802854537964","0.31196802854537964","0.31196802854537964","0.1795581728219986","0.1795581728219986","0.1795581728219986","0.19630616903305054","0.19630616903305054","0.19630616903305054","0.30621474981307983","0.30621474981307983","0.30621474981307983","0.3319251835346222","0.3319251835346222","0.3319251835346222","0.15465816855430603","0.15465816855430603","0.15465816855430603","0.2857918441295624","0.2857918441295624","0.2857918441295624","0.17523473501205444","0.17523473501205444","0.17523473501205444","0.18982835114002228","0.18982835114002228","0.18982835114002228","0.14783820509910583","0.14783820509910583","0.14783820509910583","0.3219386041164398","0.3219386041164398","0.3219386041164398","0.1709473878145218","0.1709473878145218","0.1709473878145218","0.4415569603443146","0.4415569603443146","0.4415569603443146","0.1795990914106369","0.1795990914106369","0.1795990914106369","2.404388189315796","2.404388189315796","2.404388189315796","0.2746640741825104","0.2746640741825104","0.2746640741825104","1.1538589000701904","1.1538589000701904","1.1538589000701904","2.596235752105713","2.596235752105713","2.596235752105713","5.6447601318359375","5.6447601318359375","5.6447601318359375","3.8188021183013916","3.8188021183013916","3.8188021183013916"
"10","0.03832799568772316","0.03832799568772316","0.03832799568772316","0.03432150557637215","0.03432150557637215","0.03432150557637215","0.03744393214583397","0.03744393214583397","0.03744393214583397","0.04213403910398483","0.04213403910398483","0.04213403910398483","0.028112122789025307","0.028112122789025307","0.028112122789025307","0.03124900348484516","0.03124900348484516","0.03124900348484516","0.02255001850426197","0.02255001850426197","0.02255001850426197","0.18713916838169098","0.18713916838169098","0.18713916838169098","0.30499035120010376","0.30499035120010376","0.30499035120010376","0.23689985275268555","0.23689985275268555","0.23689985275268555","0.17726954817771912","0.17726954817771912","0.17726954817771912","0.2504766881465912","0.2504766881465912","0.2504766881465912","0.8395792841911316","0.8395792841911316","0.8395792841911316","0.1600528508424759","0.1600528508424759","0.1600528508424759","0.24869447946548462","0.24869447946548462","0.24869447946548462","0.592107355594635","0.592107355594635","0.592107355594635","0.2577480971813202","0.2577480971813202","0.2577480971813202","0.2477046251296997","0.2477046251296997","0.2477046251296997","0.18474075198173523","0.18474075198173523","0.18474075198173523","0.20523253083229065","0.20523253083229065","0.20523253083229065","0.18496136367321014","0.18496136367321014","0.18496136367321014","0.1647336333990097","0.1647336333990097","0.1647336333990097","1.6626253128051758","1.6626253128051758","1.6626253128051758","4.015146255493164","4.015146255493164","4.015146255493164","0.7818281650543213","0.7818281650543213","0.7818281650543213","2.646649122238159","2.646649122238159","2.646649122238159","5.858455181121826","5.858455181121826","5.858455181121826","4.608679294586182","4.608679294586182","4.608679294586182"
"11","0.029754824936389923","0.029754824936389923","0.029754824936389923","0.032635848969221115","0.032635848969221115","0.032635848969221115","0.031001374125480652","0.031001374125480652","0.031001374125480652","0.030020395293831825","0.030020395293831825","0.030020395293831825","0.029868043959140778","0.029868043959140778","0.029868043959140778","0.028324993327260017","0.028324993327260017","0.028324993327260017","0.03296497464179993","0.03296497464179993","0.03296497464179993","0.1449391394853592","0.1449391394853592","0.1449391394853592","0.15111398696899414","0.15111398696899414","0.15111398696899414","0.15242283046245575","0.15242283046245575","0.15242283046245575","0.12632544338703156","0.12632544338703156","0.12632544338703156","0.18198926746845245","0.18198926746845245","0.18198926746845245","0.24766354262828827","0.24766354262828827","0.24766354262828827","0.16074679791927338","0.16074679791927338","0.16074679791927338","0.15896600484848022","0.15896600484848022","0.15896600484848022","0.2693142890930176","0.2693142890930176","0.2693142890930176","0.15018144249916077","0.15018144249916077","0.15018144249916077","0.17322251200675964","0.17322251200675964","0.17322251200675964","0.16231891512870789","0.16231891512870789","0.16231891512870789","0.4415164887905121","0.4415164887905121","0.4415164887905121","0.2116621434688568","0.2116621434688568","0.2116621434688568","0.23041467368602753","0.23041467368602753","0.23041467368602753","2.1459925174713135","2.1459925174713135","2.1459925174713135","3.2492833137512207","3.2492833137512207","3.2492833137512207","0.5862235426902771","0.5862235426902771","0.5862235426902771","1.6558332443237305","1.6558332443237305","1.6558332443237305","3.77374529838562","3.77374529838562","3.77374529838562","3.0899009704589844","3.0899009704589844","3.0899009704589844"
"12","0.02362961135804653","0.02362961135804653","0.02362961135804653","0.026494696736335754","0.026494696736335754","0.026494696736335754","0.029676370322704315","0.029676370322704315","0.029676370322704315","0.045693956315517426","0.045693956315517426","0.045693956315517426","0.03264939785003662","0.03264939785003662","0.03264939785003662","0.027203571051359177","0.027203571051359177","0.027203571051359177","0.028858935460448265","0.028858935460448265","0.028858935460448265","0.1513209491968155","0.1513209491968155","0.1513209491968155","0.12122438102960587","0.12122438102960587","0.12122438102960587","0.14475180208683014","0.14475180208683014","0.14475180208683014","0.15556319057941437","0.15556319057941437","0.15556319057941437","0.18803973495960236","0.18803973495960236","0.18803973495960236","0.14310938119888306","0.14310938119888306","0.14310938119888306","0.1341335028409958","0.1341335028409958","0.1341335028409958","0.3415844738483429","0.3415844738483429","0.3415844738483429","0.9050513505935669","0.9050513505935669","0.9050513505935669","0.14820808172225952","0.14820808172225952","0.14820808172225952","0.1590752899646759","0.1590752899646759","0.1590752899646759","0.24383626878261566","0.24383626878261566","0.24383626878261566","0.16636565327644348","0.16636565327644348","0.16636565327644348","0.3134801983833313","0.3134801983833313","0.3134801983833313","0.615324079990387","0.615324079990387","0.615324079990387","11.454730987548828","11.454730987548828","11.454730987548828","2.113906145095825","2.113906145095825","2.113906145095825","3.301097869873047","3.301097869873047","3.301097869873047","2.945319414138794","2.945319414138794","2.945319414138794","3.6468446254730225","3.6468446254730225","3.6468446254730225","2.2651126384735107","2.2651126384735107","2.2651126384735107"
"13","0.0249651949852705","0.0249651949852705","0.0249651949852705","0.02435043826699257","0.02435043826699257","0.02435043826699257","0.037685345858335495","0.037685345858335495","0.037685345858335495","0.04355040192604065","0.04355040192604065","0.04355040192604065","0.03991600498557091","0.03991600498557091","0.03991600498557091","0.03078259341418743","0.03078259341418743","0.03078259341418743","0.03312006592750549","0.03312006592750549","0.03312006592750549","0.2066330909729004","0.2066330909729004","0.2066330909729004","0.2591395378112793","0.2591395378112793","0.2591395378112793","0.4852771461009979","0.4852771461009979","0.4852771461009979","0.529193103313446","0.529193103313446","0.529193103313446","0.17894481122493744","0.17894481122493744","0.17894481122493744","0.1756431758403778","0.1756431758403778","0.1756431758403778","0.16143782436847687","0.16143782436847687","0.16143782436847687","0.14766259491443634","0.14766259491443634","0.14766259491443634","0.15298579633235931","0.15298579633235931","0.15298579633235931","0.14798468351364136","0.14798468351364136","0.14798468351364136","0.19735035300254822","0.19735035300254822","0.19735035300254822","0.11393869668245316","0.11393869668245316","0.11393869668245316","0.8258533477783203","0.8258533477783203","0.8258533477783203","0.2622358500957489","0.2622358500957489","0.2622358500957489","0.21904896199703217","0.21904896199703217","0.21904896199703217","7.873279571533203","7.873279571533203","7.873279571533203","0.8052403926849365","0.8052403926849365","0.8052403926849365","4.40642786026001","4.40642786026001","4.40642786026001","6.296156883239746","6.296156883239746","6.296156883239746","7.14129638671875","7.14129638671875","7.14129638671875","3.2411794662475586","3.2411794662475586","3.2411794662475586"
"14","0.02723562903702259","0.02723562903702259","0.02723562903702259","0.026190374046564102","0.026190374046564102","0.026190374046564102","0.029671071097254753","0.029671071097254753","0.029671071097254753","0.04024796932935715","0.04024796932935715","0.04024796932935715","0.02855033427476883","0.02855033427476883","0.02855033427476883","0.033268485218286514","0.033268485218286514","0.033268485218286514","0.023146817460656166","0.023146817460656166","0.023146817460656166","0.19056887924671173","0.19056887924671173","0.19056887924671173","0.18449166417121887","0.18449166417121887","0.18449166417121887","0.27290019392967224","0.27290019392967224","0.27290019392967224","0.09496766328811646","0.09496766328811646","0.09496766328811646","0.2220917046070099","0.2220917046070099","0.2220917046070099","0.19081063568592072","0.19081063568592072","0.19081063568592072","0.13255959749221802","0.13255959749221802","0.13255959749221802","0.13650831580162048","0.13650831580162048","0.13650831580162048","0.15303704142570496","0.15303704142570496","0.15303704142570496","0.18906064331531525","0.18906064331531525","0.18906064331531525","0.13320684432983398","0.13320684432983398","0.13320684432983398","0.4475184679031372","0.4475184679031372","0.4475184679031372","0.14622530341148376","0.14622530341148376","0.14622530341148376","0.36106908321380615","0.36106908321380615","0.36106908321380615","0.3389677405357361","0.3389677405357361","0.3389677405357361","1.667624592781067","1.667624592781067","1.667624592781067","5.133047580718994","5.133047580718994","5.133047580718994","3.5101590156555176","3.5101590156555176","3.5101590156555176","6.171868324279785","6.171868324279785","6.171868324279785","7.224004745483398","7.224004745483398","7.224004745483398","6.196048736572266","6.196048736572266","6.196048736572266"
"15","0.037067729979753494","0.037067729979753494","0.037067729979753494","0.02696945145726204","0.02696945145726204","0.02696945145726204","0.03302084282040596","0.03302084282040596","0.03302084282040596","0.03485976159572601","0.03485976159572601","0.03485976159572601","0.03604875132441521","0.03604875132441521","0.03604875132441521","0.02929037995636463","0.02929037995636463","0.02929037995636463","0.023222440853714943","0.023222440853714943","0.023222440853714943","0.12032263725996017","0.12032263725996017","0.12032263725996017","0.3033778965473175","0.3033778965473175","0.3033778965473175","0.21498413383960724","0.21498413383960724","0.21498413383960724","0.11507299542427063","0.11507299542427063","0.11507299542427063","0.37856659293174744","0.37856659293174744","0.37856659293174744","0.1405481994152069","0.1405481994152069","0.1405481994152069","0.09647554904222488","0.09647554904222488","0.09647554904222488","0.19065244495868683","0.19065244495868683","0.19065244495868683","0.2077048122882843","0.2077048122882843","0.2077048122882843","0.4267820715904236","0.4267820715904236","0.4267820715904236","0.1461508572101593","0.1461508572101593","0.1461508572101593","0.2704859673976898","0.2704859673976898","0.2704859673976898","0.4003034234046936","0.4003034234046936","0.4003034234046936","1.050909161567688","1.050909161567688","1.050909161567688","0.18324042856693268","0.18324042856693268","0.18324042856693268","6.579097747802734","6.579097747802734","6.579097747802734","0.7294995784759521","0.7294995784759521","0.7294995784759521","8.576102256774902","8.576102256774902","8.576102256774902","1.3684008121490479","1.3684008121490479","1.3684008121490479","15.488944053649902","15.488944053649902","15.488944053649902","11.102341651916504","11.102341651916504","11.102341651916504"
"16","0.019360465928912163","0.019360465928912163","0.019360465928912163","0.025665897876024246","0.025665897876024246","0.025665897876024246","0.03312629088759422","0.03312629088759422","0.03312629088759422","0.031056303530931473","0.031056303530931473","0.031056303530931473","0.027822012081742287","0.027822012081742287","0.027822012081742287","0.029614103958010674","0.029614103958010674","0.029614103958010674","0.03083181008696556","0.03083181008696556","0.03083181008696556","0.1799706071615219","0.1799706071615219","0.1799706071615219","0.11267726123332977","0.11267726123332977","0.11267726123332977","0.26282164454460144","0.26282164454460144","0.26282164454460144","0.14745497703552246","0.14745497703552246","0.14745497703552246","0.13339924812316895","0.13339924812316895","0.13339924812316895","0.13795213401317596","0.13795213401317596","0.13795213401317596","0.17597846686840057","0.17597846686840057","0.17597846686840057","0.3760201632976532","0.3760201632976532","0.3760201632976532","0.17168933153152466","0.17168933153152466","0.17168933153152466","0.200275719165802","0.200275719165802","0.200275719165802","0.2620910108089447","0.2620910108089447","0.2620910108089447","0.24022983014583588","0.24022983014583588","0.24022983014583588","0.21321657299995422","0.21321657299995422","0.21321657299995422","0.9956828951835632","0.9956828951835632","0.9956828951835632","0.14869920909404755","0.14869920909404755","0.14869920909404755","7.581468105316162","7.581468105316162","7.581468105316162","2.558415412902832","2.558415412902832","2.558415412902832","2.5092062950134277","2.5092062950134277","2.5092062950134277","3.1452205181121826","3.1452205181121826","3.1452205181121826","5.519045829772949","5.519045829772949","5.519045829772949","2.325421094894409","2.325421094894409","2.325421094894409"
"17","0.020327528938651085","0.020327528938651085","0.020327528938651085","0.024461008608341217","0.024461008608341217","0.024461008608341217","0.03772455081343651","0.03772455081343651","0.03772455081343651","0.026066526770591736","0.026066526770591736","0.026066526770591736","0.035470545291900635","0.035470545291900635","0.035470545291900635","0.02822597324848175","0.02822597324848175","0.02822597324848175","0.0391700454056263","0.0391700454056263","0.0391700454056263","0.15765410661697388","0.15765410661697388","0.15765410661697388","0.10386577993631363","0.10386577993631363","0.10386577993631363","0.37066778540611267","0.37066778540611267","0.37066778540611267","0.07950279861688614","0.07950279861688614","0.07950279861688614","0.19032353162765503","0.19032353162765503","0.19032353162765503","0.2211666703224182","0.2211666703224182","0.2211666703224182","0.2047574371099472","0.2047574371099472","0.2047574371099472","0.17194943130016327","0.17194943130016327","0.17194943130016327","0.18742991983890533","0.18742991983890533","0.18742991983890533","0.10285239666700363","0.10285239666700363","0.10285239666700363","0.2941591143608093","0.2941591143608093","0.2941591143608093","0.1835511326789856","0.1835511326789856","0.1835511326789856","0.2193138599395752","0.2193138599395752","0.2193138599395752","0.2435736507177353","0.2435736507177353","0.2435736507177353","0.1752375215291977","0.1752375215291977","0.1752375215291977","11.55405044555664","11.55405044555664","11.55405044555664","3.384946346282959","3.384946346282959","3.384946346282959","4.20526123046875","4.20526123046875","4.20526123046875","3.3679616451263428","3.3679616451263428","3.3679616451263428","8.777227401733398","8.777227401733398","8.777227401733398","3.1344141960144043","3.1344141960144043","3.1344141960144043"
"18","0.023830752819776535","0.023830752819776535","0.023830752819776535","0.02463340014219284","0.02463340014219284","0.02463340014219284","0.03368107229471207","0.03368107229471207","0.03368107229471207","0.028431851416826248","0.028431851416826248","0.028431851416826248","0.02663443423807621","0.02663443423807621","0.02663443423807621","0.031312644481658936","0.031312644481658936","0.031312644481658936","0.02695130929350853","0.02695130929350853","0.02695130929350853","0.28086981177330017","0.28086981177330017","0.28086981177330017","0.14393483102321625","0.14393483102321625","0.14393483102321625","0.23036779463291168","0.23036779463291168","0.23036779463291168","0.11948204785585403","0.11948204785585403","0.11948204785585403","0.20127858221530914","0.20127858221530914","0.20127858221530914","0.16665995121002197","0.16665995121002197","0.16665995121002197","0.1318424642086029","0.1318424642086029","0.1318424642086029","0.1955043077468872","0.1955043077468872","0.1955043077468872","0.23093824088573456","0.23093824088573456","0.23093824088573456","0.1887727975845337","0.1887727975845337","0.1887727975845337","0.2006516456604004","0.2006516456604004","0.2006516456604004","0.31434616446495056","0.31434616446495056","0.31434616446495056","0.17026257514953613","0.17026257514953613","0.17026257514953613","0.36178675293922424","0.36178675293922424","0.36178675293922424","0.2765757143497467","0.2765757143497467","0.2765757143497467","4.718579292297363","4.718579292297363","4.718579292297363","1.293250322341919","1.293250322341919","1.293250322341919","2.793426752090454","2.793426752090454","2.793426752090454","1.9766088724136353","1.9766088724136353","1.9766088724136353","6.874186038970947","6.874186038970947","6.874186038970947","3.302506923675537","3.302506923675537","3.302506923675537"
"19","0.020982250571250916","0.020982250571250916","0.020982250571250916","0.03474201634526253","0.03474201634526253","0.03474201634526253","0.029853712767362595","0.029853712767362595","0.029853712767362595","0.030022727325558662","0.030022727325558662","0.030022727325558662","0.027786562219262123","0.027786562219262123","0.027786562219262123","0.038122523576021194","0.038122523576021194","0.038122523576021194","0.030223757028579712","0.030223757028579712","0.030223757028579712","0.13172923028469086","0.13172923028469086","0.13172923028469086","0.5233734846115112","0.5233734846115112","0.5233734846115112","0.252877414226532","0.252877414226532","0.252877414226532","0.10328900814056396","0.10328900814056396","0.10328900814056396","0.08692506700754166","0.08692506700754166","0.08692506700754166","0.14010915160179138","0.14010915160179138","0.14010915160179138","0.18459060788154602","0.18459060788154602","0.18459060788154602","0.2140912264585495","0.2140912264585495","0.2140912264585495","0.36056607961654663","0.36056607961654663","0.36056607961654663","0.33808597922325134","0.33808597922325134","0.33808597922325134","0.40892264246940613","0.40892264246940613","0.40892264246940613","0.15552127361297607","0.15552127361297607","0.15552127361297607","0.20927223563194275","0.20927223563194275","0.20927223563194275","0.22896936535835266","0.22896936535835266","0.22896936535835266","0.171340674161911","0.171340674161911","0.171340674161911","2.456287145614624","2.456287145614624","2.456287145614624","1.0730299949645996","1.0730299949645996","1.0730299949645996","1.8607183694839478","1.8607183694839478","1.8607183694839478","1.938081979751587","1.938081979751587","1.938081979751587","11.852407455444336","11.852407455444336","11.852407455444336","5.108048915863037","5.108048915863037","5.108048915863037"
"20","0.029414871707558632","0.029414871707558632","0.029414871707558632","0.027706177905201912","0.027706177905201912","0.027706177905201912","0.03233513981103897","0.03233513981103897","0.03233513981103897","0.029307788237929344","0.029307788237929344","0.029307788237929344","0.028543107211589813","0.028543107211589813","0.028543107211589813","0.03639918193221092","0.03639918193221092","0.03639918193221092","0.037686243653297424","0.037686243653297424","0.037686243653297424","0.3369504511356354","0.3369504511356354","0.3369504511356354","0.29373133182525635","0.29373133182525635","0.29373133182525635","0.3065353333950043","0.3065353333950043","0.3065353333950043","0.24788890779018402","0.24788890779018402","0.24788890779018402","0.09763047844171524","0.09763047844171524","0.09763047844171524","0.19605977833271027","0.19605977833271027","0.19605977833271027","0.12900011241436005","0.12900011241436005","0.12900011241436005","0.4450298249721527","0.4450298249721527","0.4450298249721527","0.7483711242675781","0.7483711242675781","0.7483711242675781","0.19993558526039124","0.19993558526039124","0.19993558526039124","0.22071833908557892","0.22071833908557892","0.22071833908557892","0.11041515320539474","0.11041515320539474","0.11041515320539474","0.18896131217479706","0.18896131217479706","0.18896131217479706","0.4264139235019684","0.4264139235019684","0.4264139235019684","0.8788327574729919","0.8788327574729919","0.8788327574729919","7.644263744354248","7.644263744354248","7.644263744354248","1.3105837106704712","1.3105837106704712","1.3105837106704712","8.096693992614746","8.096693992614746","8.096693992614746","6.526281356811523","6.526281356811523","6.526281356811523","7.9752912521362305","7.9752912521362305","7.9752912521362305","18.59064483642578","18.59064483642578","18.59064483642578"
"21","0.022894587367773056","0.022894587367773056","0.022894587367773056","0.018980318680405617","0.018980318680405617","0.018980318680405617","0.02346162125468254","0.02346162125468254","0.02346162125468254","0.023951712995767593","0.023951712995767593","0.023951712995767593","0.027897531166672707","0.027897531166672707","0.027897531166672707","0.03807792812585831","0.03807792812585831","0.03807792812585831","0.024546490982174873","0.024546490982174873","0.024546490982174873","0.27272313833236694","0.27272313833236694","0.27272313833236694","0.07133909314870834","0.07133909314870834","0.07133909314870834","0.16684624552726746","0.16684624552726746","0.16684624552726746","0.11617161333560944","0.11617161333560944","0.11617161333560944","0.22083109617233276","0.22083109617233276","0.22083109617233276","0.1714470088481903","0.1714470088481903","0.1714470088481903","0.18624691665172577","0.18624691665172577","0.18624691665172577","0.14969848096370697","0.14969848096370697","0.14969848096370697","0.18091736733913422","0.18091736733913422","0.18091736733913422","0.13595585525035858","0.13595585525035858","0.13595585525035858","0.26780202984809875","0.26780202984809875","0.26780202984809875","0.19194121658802032","0.19194121658802032","0.19194121658802032","0.17658351361751556","0.17658351361751556","0.17658351361751556","0.2706797420978546","0.2706797420978546","0.2706797420978546","0.18972502648830414","0.18972502648830414","0.18972502648830414","20.77927589416504","20.77927589416504","20.77927589416504","1.5461524724960327","1.5461524724960327","1.5461524724960327","3.1202573776245117","3.1202573776245117","3.1202573776245117","1.5837013721466064","1.5837013721466064","1.5837013721466064","16.971012115478516","16.971012115478516","16.971012115478516","6.530642986297607","6.530642986297607","6.530642986297607"
"22","0.025264693424105644","0.025264693424105644","0.025264693424105644","0.02466360107064247","0.02466360107064247","0.02466360107064247","0.03156827390193939","0.03156827390193939","0.03156827390193939","0.028487786650657654","0.028487786650657654","0.028487786650657654","0.02150179073214531","0.02150179073214531","0.02150179073214531","0.03161216154694557","0.03161216154694557","0.03161216154694557","0.03351488336920738","0.03351488336920738","0.03351488336920738","0.09666690230369568","0.09666690230369568","0.09666690230369568","0.08747272193431854","0.08747272193431854","0.08747272193431854","0.19896641373634338","0.19896641373634338","0.19896641373634338","0.153115376830101","0.153115376830101","0.153115376830101","0.34691664576530457","0.34691664576530457","0.34691664576530457","0.10279586911201477","0.10279586911201477","0.10279586911201477","0.18545661866664886","0.18545661866664886","0.18545661866664886","0.13988977670669556","0.13988977670669556","0.13988977670669556","0.19734573364257812","0.19734573364257812","0.19734573364257812","0.30880382657051086","0.30880382657051086","0.30880382657051086","0.2294146865606308","0.2294146865606308","0.2294146865606308","0.15356230735778809","0.15356230735778809","0.15356230735778809","0.21862836182117462","0.21862836182117462","0.21862836182117462","0.40400075912475586","0.40400075912475586","0.40400075912475586","0.18766912817955017","0.18766912817955017","0.18766912817955017","2.2977426052093506","2.2977426052093506","2.2977426052093506","1.1175453662872314","1.1175453662872314","1.1175453662872314","3.4812541007995605","3.4812541007995605","3.4812541007995605","1.0590606927871704","1.0590606927871704","1.0590606927871704","7.398395538330078","7.398395538330078","7.398395538330078","11.747108459472656","11.747108459472656","11.747108459472656"
"23","0.02313147857785225","0.02313147857785225","0.02313147857785225","0.03336530551314354","0.03336530551314354","0.03336530551314354","0.02684737555682659","0.02684737555682659","0.02684737555682659","0.02094896323978901","0.02094896323978901","0.02094896323978901","0.030847052112221718","0.030847052112221718","0.030847052112221718","0.044373467564582825","0.044373467564582825","0.044373467564582825","0.026195887476205826","0.026195887476205826","0.026195887476205826","0.19583161175251007","0.19583161175251007","0.19583161175251007","0.41076648235321045","0.41076648235321045","0.41076648235321045","0.19237194955348969","0.19237194955348969","0.19237194955348969","0.21977059543132782","0.21977059543132782","0.21977059543132782","0.166961669921875","0.166961669921875","0.166961669921875","0.20024923980236053","0.20024923980236053","0.20024923980236053","0.18966960906982422","0.18966960906982422","0.18966960906982422","0.14440491795539856","0.14440491795539856","0.14440491795539856","0.20159216225147247","0.20159216225147247","0.20159216225147247","0.20466171205043793","0.20466171205043793","0.20466171205043793","0.10451411455869675","0.10451411455869675","0.10451411455869675","0.3571425676345825","0.3571425676345825","0.3571425676345825","0.17298193275928497","0.17298193275928497","0.17298193275928497","0.3585747182369232","0.3585747182369232","0.3585747182369232","0.16625116765499115","0.16625116765499115","0.16625116765499115","8.54737663269043","8.54737663269043","8.54737663269043","1.2415351867675781","1.2415351867675781","1.2415351867675781","6.832290172576904","6.832290172576904","6.832290172576904","3.3059380054473877","3.3059380054473877","3.3059380054473877","10.250372886657715","10.250372886657715","10.250372886657715","9.245808601379395","9.245808601379395","9.245808601379395"
"24","0.022765135392546654","0.022765135392546654","0.022765135392546654","0.02639670856297016","0.02639670856297016","0.02639670856297016","0.02609936334192753","0.02609936334192753","0.02609936334192753","0.026197008788585663","0.026197008788585663","0.026197008788585663","0.031146667897701263","0.031146667897701263","0.031146667897701263","0.026920897886157036","0.026920897886157036","0.026920897886157036","0.030417848378419876","0.030417848378419876","0.030417848378419876","0.115403912961483","0.115403912961483","0.115403912961483","0.1288963109254837","0.1288963109254837","0.1288963109254837","0.3416598439216614","0.3416598439216614","0.3416598439216614","0.23987837135791779","0.23987837135791779","0.23987837135791779","0.1837887018918991","0.1837887018918991","0.1837887018918991","0.19641231000423431","0.19641231000423431","0.19641231000423431","0.15828576683998108","0.15828576683998108","0.15828576683998108","0.6863278150558472","0.6863278150558472","0.6863278150558472","0.20351196825504303","0.20351196825504303","0.20351196825504303","0.20711356401443481","0.20711356401443481","0.20711356401443481","0.1495051234960556","0.1495051234960556","0.1495051234960556","0.5538672208786011","0.5538672208786011","0.5538672208786011","0.1679556518793106","0.1679556518793106","0.1679556518793106","0.255930095911026","0.255930095911026","0.255930095911026","0.1945275217294693","0.1945275217294693","0.1945275217294693","16.744857788085938","16.744857788085938","16.744857788085938","1.8677923679351807","1.8677923679351807","1.8677923679351807","1.358396053314209","1.358396053314209","1.358396053314209","4.594986438751221","4.594986438751221","4.594986438751221","8.828482627868652","8.828482627868652","8.828482627868652","9.066972732543945","9.066972732543945","9.066972732543945"
"25","0.01972797140479088","0.01972797140479088","0.01972797140479088","0.02886359579861164","0.02886359579861164","0.02886359579861164","0.02784127928316593","0.02784127928316593","0.02784127928316593","0.028432991355657578","0.028432991355657578","0.028432991355657578","0.03110778145492077","0.03110778145492077","0.03110778145492077","0.04438455402851105","0.04438455402851105","0.04438455402851105","0.028921471908688545","0.028921471908688545","0.028921471908688545","0.09273131191730499","0.09273131191730499","0.09273131191730499","0.1554272174835205","0.1554272174835205","0.1554272174835205","0.21155580878257751","0.21155580878257751","0.21155580878257751","0.2719730734825134","0.2719730734825134","0.2719730734825134","0.3198132812976837","0.3198132812976837","0.3198132812976837","0.18654736876487732","0.18654736876487732","0.18654736876487732","0.12019070982933044","0.12019070982933044","0.12019070982933044","0.18282045423984528","0.18282045423984528","0.18282045423984528","0.18302342295646667","0.18302342295646667","0.18302342295646667","0.1399579495191574","0.1399579495191574","0.1399579495191574","0.536588191986084","0.536588191986084","0.536588191986084","0.4282686710357666","0.4282686710357666","0.4282686710357666","0.16177374124526978","0.16177374124526978","0.16177374124526978","0.2364996075630188","0.2364996075630188","0.2364996075630188","0.25106579065322876","0.25106579065322876","0.25106579065322876","10.556818008422852","10.556818008422852","10.556818008422852","1.3155425786972046","1.3155425786972046","1.3155425786972046","3.9813380241394043","3.9813380241394043","3.9813380241394043","0.7374089956283569","0.7374089956283569","0.7374089956283569","17.69603729248047","17.69603729248047","17.69603729248047","17.52988052368164","17.52988052368164","17.52988052368164"
"26","0.01709834113717079","0.01709834113717079","0.01709834113717079","0.028975769877433777","0.028975769877433777","0.028975769877433777","0.02519869990646839","0.02519869990646839","0.02519869990646839","0.036333147436380386","0.036333147436380386","0.036333147436380386","0.025404123589396477","0.025404123589396477","0.025404123589396477","0.028926117345690727","0.028926117345690727","0.028926117345690727","0.024910472333431244","0.024910472333431244","0.024910472333431244","0.2007644921541214","0.2007644921541214","0.2007644921541214","0.1618499904870987","0.1618499904870987","0.1618499904870987","0.17267706990242004","0.17267706990242004","0.17267706990242004","0.10915224254131317","0.10915224254131317","0.10915224254131317","0.0800473541021347","0.0800473541021347","0.0800473541021347","0.24310803413391113","0.24310803413391113","0.24310803413391113","0.19718939065933228","0.19718939065933228","0.19718939065933228","0.438569039106369","0.438569039106369","0.438569039106369","0.13251575827598572","0.13251575827598572","0.13251575827598572","0.1578199863433838","0.1578199863433838","0.1578199863433838","0.2523943781852722","0.2523943781852722","0.2523943781852722","0.3349381387233734","0.3349381387233734","0.3349381387233734","0.12804900109767914","0.12804900109767914","0.12804900109767914","0.21781574189662933","0.21781574189662933","0.21781574189662933","0.15872764587402344","0.15872764587402344","0.15872764587402344","3.773651361465454","3.773651361465454","3.773651361465454","2.2303390502929688","2.2303390502929688","2.2303390502929688","13.020686149597168","13.020686149597168","13.020686149597168","3.9940829277038574","3.9940829277038574","3.9940829277038574","20.479246139526367","20.479246139526367","20.479246139526367","12.233558654785156","12.233558654785156","12.233558654785156"
"27","0.023294473066926003","0.023294473066926003","0.023294473066926003","0.023917896673083305","0.023917896673083305","0.023917896673083305","0.026404066011309624","0.026404066011309624","0.026404066011309624","0.027595045045018196","0.027595045045018196","0.027595045045018196","0.027056511491537094","0.027056511491537094","0.027056511491537094","0.02366325445473194","0.02366325445473194","0.02366325445473194","0.026039088144898415","0.026039088144898415","0.026039088144898415","0.11222810298204422","0.11222810298204422","0.11222810298204422","0.1818629801273346","0.1818629801273346","0.1818629801273346","0.10173255950212479","0.10173255950212479","0.10173255950212479","0.21442911028862","0.21442911028862","0.21442911028862","0.14478830993175507","0.14478830993175507","0.14478830993175507","0.13478972017765045","0.13478972017765045","0.13478972017765045","0.4080754816532135","0.4080754816532135","0.4080754816532135","0.16485978662967682","0.16485978662967682","0.16485978662967682","0.3218674659729004","0.3218674659729004","0.3218674659729004","0.10566163808107376","0.10566163808107376","0.10566163808107376","0.12555362284183502","0.12555362284183502","0.12555362284183502","0.29094329476356506","0.29094329476356506","0.29094329476356506","0.16338883340358734","0.16338883340358734","0.16338883340358734","0.1312311887741089","0.1312311887741089","0.1312311887741089","0.18017640709877014","0.18017640709877014","0.18017640709877014","1.6991201639175415","1.6991201639175415","1.6991201639175415","2.9505224227905273","2.9505224227905273","2.9505224227905273","15.616345405578613","15.616345405578613","15.616345405578613","1.6320844888687134","1.6320844888687134","1.6320844888687134","12.782549858093262","12.782549858093262","12.782549858093262","10.25518798828125","10.25518798828125","10.25518798828125"
"28","0.03201528266072273","0.03201528266072273","0.03201528266072273","0.02609357237815857","0.02609357237815857","0.02609357237815857","0.02356165647506714","0.02356165647506714","0.02356165647506714","0.037182509899139404","0.037182509899139404","0.037182509899139404","0.0332457534968853","0.0332457534968853","0.0332457534968853","0.02753148414194584","0.02753148414194584","0.02753148414194584","0.026929806917905807","0.026929806917905807","0.026929806917905807","0.06890750676393509","0.06890750676393509","0.06890750676393509","0.34128767251968384","0.34128767251968384","0.34128767251968384","0.10359814763069153","0.10359814763069153","0.10359814763069153","0.1502266228199005","0.1502266228199005","0.1502266228199005","0.12388033419847488","0.12388033419847488","0.12388033419847488","0.17938777804374695","0.17938777804374695","0.17938777804374695","0.10785426199436188","0.10785426199436188","0.10785426199436188","0.1491435468196869","0.1491435468196869","0.1491435468196869","0.14353877305984497","0.14353877305984497","0.14353877305984497","0.1441895216703415","0.1441895216703415","0.1441895216703415","0.14472246170043945","0.14472246170043945","0.14472246170043945","0.17953629791736603","0.17953629791736603","0.17953629791736603","0.12385423481464386","0.12385423481464386","0.12385423481464386","0.22343996167182922","0.22343996167182922","0.22343996167182922","0.1370353102684021","0.1370353102684021","0.1370353102684021","1.616528034210205","1.616528034210205","1.616528034210205","1.4607982635498047","1.4607982635498047","1.4607982635498047","10.566593170166016","10.566593170166016","10.566593170166016","6.574538230895996","6.574538230895996","6.574538230895996","0.977719783782959","0.977719783782959","0.977719783782959","4.693580627441406","4.693580627441406","4.693580627441406"
"29","0.024525705724954605","0.024525705724954605","0.024525705724954605","0.023622754961252213","0.023622754961252213","0.023622754961252213","0.026586029678583145","0.026586029678583145","0.026586029678583145","0.025481615215539932","0.025481615215539932","0.025481615215539932","0.035417571663856506","0.035417571663856506","0.035417571663856506","0.027276182547211647","0.027276182547211647","0.027276182547211647","0.03665711358189583","0.03665711358189583","0.03665711358189583","0.18877685070037842","0.18877685070037842","0.18877685070037842","0.19593441486358643","0.19593441486358643","0.19593441486358643","0.12405715882778168","0.12405715882778168","0.12405715882778168","0.11865914613008499","0.11865914613008499","0.11865914613008499","0.11824721843004227","0.11824721843004227","0.11824721843004227","0.12197059392929077","0.12197059392929077","0.12197059392929077","0.14651262760162354","0.14651262760162354","0.14651262760162354","0.3989821672439575","0.3989821672439575","0.3989821672439575","0.14506296813488007","0.14506296813488007","0.14506296813488007","0.19325511157512665","0.19325511157512665","0.19325511157512665","0.14600402116775513","0.14600402116775513","0.14600402116775513","0.23335830867290497","0.23335830867290497","0.23335830867290497","0.3718245327472687","0.3718245327472687","0.3718245327472687","0.1874168962240219","0.1874168962240219","0.1874168962240219","0.16297708451747894","0.16297708451747894","0.16297708451747894","8.091669082641602","8.091669082641602","8.091669082641602","1.1926019191741943","1.1926019191741943","1.1926019191741943","8.87612533569336","8.87612533569336","8.87612533569336","6.48356819152832","6.48356819152832","6.48356819152832","4.476558208465576","4.476558208465576","4.476558208465576","6.072750568389893","6.072750568389893","6.072750568389893"
"30","0.022385884076356888","0.022385884076356888","0.022385884076356888","0.019828230142593384","0.019828230142593384","0.019828230142593384","0.02945833094418049","0.02945833094418049","0.02945833094418049","0.022094354033470154","0.022094354033470154","0.022094354033470154","0.025492845103144646","0.025492845103144646","0.025492845103144646","0.02295904979109764","0.02295904979109764","0.02295904979109764","0.025604117661714554","0.025604117661714554","0.025604117661714554","0.10038395971059799","0.10038395971059799","0.10038395971059799","0.15505841374397278","0.15505841374397278","0.15505841374397278","0.23473672568798065","0.23473672568798065","0.23473672568798065","0.12733441591262817","0.12733441591262817","0.12733441591262817","0.1167999729514122","0.1167999729514122","0.1167999729514122","0.25197359919548035","0.25197359919548035","0.25197359919548035","0.15909957885742188","0.15909957885742188","0.15909957885742188","0.11637101322412491","0.11637101322412491","0.11637101322412491","0.10218320786952972","0.10218320786952972","0.10218320786952972","0.7821390628814697","0.7821390628814697","0.7821390628814697","0.1785978078842163","0.1785978078842163","0.1785978078842163","0.1657416969537735","0.1657416969537735","0.1657416969537735","0.15822167694568634","0.15822167694568634","0.15822167694568634","0.1666211634874344","0.1666211634874344","0.1666211634874344","0.17974282801151276","0.17974282801151276","0.17974282801151276","4.572807312011719","4.572807312011719","4.572807312011719","0.4954695701599121","0.4954695701599121","0.4954695701599121","19.810564041137695","19.810564041137695","19.810564041137695","7.264193058013916","7.264193058013916","7.264193058013916","8.482397079467773","8.482397079467773","8.482397079467773","15.834920883178711","15.834920883178711","15.834920883178711"
"31","0.019460907205939293","0.019460907205939293","0.019460907205939293","0.024334721267223358","0.024334721267223358","0.024334721267223358","0.025820789858698845","0.025820789858698845","0.025820789858698845","0.027105791494250298","0.027105791494250298","0.027105791494250298","0.038614604622125626","0.038614604622125626","0.038614604622125626","0.026580385863780975","0.026580385863780975","0.026580385863780975","0.025026535615324974","0.025026535615324974","0.025026535615324974","0.1183219626545906","0.1183219626545906","0.1183219626545906","0.2888852655887604","0.2888852655887604","0.2888852655887604","0.07785367220640182","0.07785367220640182","0.07785367220640182","0.1726154386997223","0.1726154386997223","0.1726154386997223","0.4828278124332428","0.4828278124332428","0.4828278124332428","1.258811116218567","1.258811116218567","1.258811116218567","0.2294418215751648","0.2294418215751648","0.2294418215751648","0.1447909027338028","0.1447909027338028","0.1447909027338028","0.10137112438678741","0.10137112438678741","0.10137112438678741","0.10937308520078659","0.10937308520078659","0.10937308520078659","0.19786393642425537","0.19786393642425537","0.19786393642425537","0.22746454179286957","0.22746454179286957","0.22746454179286957","0.1972837895154953","0.1972837895154953","0.1972837895154953","0.18141260743141174","0.18141260743141174","0.18141260743141174","0.30567434430122375","0.30567434430122375","0.30567434430122375","1.3531118631362915","1.3531118631362915","1.3531118631362915","5.4977240562438965","5.4977240562438965","5.4977240562438965","18.09714698791504","18.09714698791504","18.09714698791504","3.900524139404297","3.900524139404297","3.900524139404297","17.45998191833496","17.45998191833496","17.45998191833496","12.880791664123535","12.880791664123535","12.880791664123535"
"32","0.015206236392259598","0.015206236392259598","0.015206236392259598","0.02243601717054844","0.02243601717054844","0.02243601717054844","0.020290568470954895","0.020290568470954895","0.020290568470954895","0.023099834099411964","0.023099834099411964","0.023099834099411964","0.030257396399974823","0.030257396399974823","0.030257396399974823","0.026487812399864197","0.026487812399864197","0.026487812399864197","0.02875961735844612","0.02875961735844612","0.02875961735844612","0.09207098186016083","0.09207098186016083","0.09207098186016083","0.1337834745645523","0.1337834745645523","0.1337834745645523","0.13991165161132812","0.13991165161132812","0.13991165161132812","0.14100991189479828","0.14100991189479828","0.14100991189479828","0.1498090922832489","0.1498090922832489","0.1498090922832489","0.2161884903907776","0.2161884903907776","0.2161884903907776","0.1491958200931549","0.1491958200931549","0.1491958200931549","0.198837548494339","0.198837548494339","0.198837548494339","0.14087052643299103","0.14087052643299103","0.14087052643299103","0.1530439853668213","0.1530439853668213","0.1530439853668213","0.23438334465026855","0.23438334465026855","0.23438334465026855","0.1962638944387436","0.1962638944387436","0.1962638944387436","0.19326567649841309","0.19326567649841309","0.19326567649841309","5.875093936920166","5.875093936920166","5.875093936920166","0.18459898233413696","0.18459898233413696","0.18459898233413696","11.49306583404541","11.49306583404541","11.49306583404541","0.8846014142036438","0.8846014142036438","0.8846014142036438","13.396620750427246","13.396620750427246","13.396620750427246","3.393524169921875","3.393524169921875","3.393524169921875","15.999995231628418","15.999995231628418","15.999995231628418","15.217778205871582","15.217778205871582","15.217778205871582"
"33","0.017379648983478546","0.017379648983478546","0.017379648983478546","0.020368902012705803","0.020368902012705803","0.020368902012705803","0.02318800799548626","0.02318800799548626","0.02318800799548626","0.0279853492975235","0.0279853492975235","0.0279853492975235","0.03432624787092209","0.03432624787092209","0.03432624787092209","0.029207361862063408","0.029207361862063408","0.029207361862063408","0.02509983256459236","0.02509983256459236","0.02509983256459236","0.13955846428871155","0.13955846428871155","0.13955846428871155","0.12508688867092133","0.12508688867092133","0.12508688867092133","0.14790217578411102","0.14790217578411102","0.14790217578411102","0.22321127355098724","0.22321127355098724","0.22321127355098724","0.12194395810365677","0.12194395810365677","0.12194395810365677","0.14915908873081207","0.14915908873081207","0.14915908873081207","0.2174413651227951","0.2174413651227951","0.2174413651227951","0.11822184920310974","0.11822184920310974","0.11822184920310974","0.9741603136062622","0.9741603136062622","0.9741603136062622","0.14531409740447998","0.14531409740447998","0.14531409740447998","0.20888003706932068","0.20888003706932068","0.20888003706932068","0.3537471294403076","0.3537471294403076","0.3537471294403076","0.32898083329200745","0.32898083329200745","0.32898083329200745","0.2101091891527176","0.2101091891527176","0.2101091891527176","0.1820557415485382","0.1820557415485382","0.1820557415485382","7.037884712219238","7.037884712219238","7.037884712219238","2.8052384853363037","2.8052384853363037","2.8052384853363037","12.134316444396973","12.134316444396973","12.134316444396973","1.562225103378296","1.562225103378296","1.562225103378296","12.369483947753906","12.369483947753906","12.369483947753906","5.862582683563232","5.862582683563232","5.862582683563232"
"34","0.018591338768601418","0.018591338768601418","0.018591338768601418","0.03728288784623146","0.03728288784623146","0.03728288784623146","0.029156576842069626","0.029156576842069626","0.029156576842069626","0.028471942991018295","0.028471942991018295","0.028471942991018295","0.03399015963077545","0.03399015963077545","0.03399015963077545","0.024393679574131966","0.024393679574131966","0.024393679574131966","0.023891178891062737","0.023891178891062737","0.023891178891062737","0.09128718823194504","0.09128718823194504","0.09128718823194504","0.13650935888290405","0.13650935888290405","0.13650935888290405","0.3217128813266754","0.3217128813266754","0.3217128813266754","0.17808614671230316","0.17808614671230316","0.17808614671230316","0.7103232741355896","0.7103232741355896","0.7103232741355896","0.10623163729906082","0.10623163729906082","0.10623163729906082","0.21377119421958923","0.21377119421958923","0.21377119421958923","0.17610381543636322","0.17610381543636322","0.17610381543636322","0.2249027043581009","0.2249027043581009","0.2249027043581009","0.21093639731407166","0.21093639731407166","0.21093639731407166","0.11316758394241333","0.11316758394241333","0.11316758394241333","0.36681923270225525","0.36681923270225525","0.36681923270225525","0.14653055369853973","0.14653055369853973","0.14653055369853973","0.23759084939956665","0.23759084939956665","0.23759084939956665","0.20862765610218048","0.20862765610218048","0.20862765610218048","19.13607406616211","19.13607406616211","19.13607406616211","10.057096481323242","10.057096481323242","10.057096481323242","17.118202209472656","17.118202209472656","17.118202209472656","6.719865322113037","6.719865322113037","6.719865322113037","15.406512260437012","15.406512260437012","15.406512260437012","11.11070728302002","11.11070728302002","11.11070728302002"
"35","0.02259511686861515","0.02259511686861515","0.02259511686861515","0.02490994893014431","0.02490994893014431","0.02490994893014431","0.02651483379304409","0.02651483379304409","0.02651483379304409","0.0342741459608078","0.0342741459608078","0.0342741459608078","0.02479812689125538","0.02479812689125538","0.02479812689125538","0.021697767078876495","0.021697767078876495","0.021697767078876495","0.02420656941831112","0.02420656941831112","0.02420656941831112","0.22153431177139282","0.22153431177139282","0.22153431177139282","0.34435948729515076","0.34435948729515076","0.34435948729515076","0.0810636654496193","0.0810636654496193","0.0810636654496193","0.09516449272632599","0.09516449272632599","0.09516449272632599","0.1687982678413391","0.1687982678413391","0.1687982678413391","0.13195566833019257","0.13195566833019257","0.13195566833019257","0.29580485820770264","0.29580485820770264","0.29580485820770264","0.16544988751411438","0.16544988751411438","0.16544988751411438","0.1502014547586441","0.1502014547586441","0.1502014547586441","0.13557444512844086","0.13557444512844086","0.13557444512844086","0.1483849436044693","0.1483849436044693","0.1483849436044693","0.22160236537456512","0.22160236537456512","0.22160236537456512","0.3025940954685211","0.3025940954685211","0.3025940954685211","0.1405404657125473","0.1405404657125473","0.1405404657125473","0.4029202461242676","0.4029202461242676","0.4029202461242676","13.69778060913086","13.69778060913086","13.69778060913086","3.01881742477417","3.01881742477417","3.01881742477417","5.418595314025879","5.418595314025879","5.418595314025879","10.122283935546875","10.122283935546875","10.122283935546875","15.709141731262207","15.709141731262207","15.709141731262207","5.154282093048096","5.154282093048096","5.154282093048096"
"36","0.019133104011416435","0.019133104011416435","0.019133104011416435","0.016582123935222626","0.016582123935222626","0.016582123935222626","0.025535371154546738","0.025535371154546738","0.025535371154546738","0.03240883722901344","0.03240883722901344","0.03240883722901344","0.024931281805038452","0.024931281805038452","0.024931281805038452","0.029808498919010162","0.029808498919010162","0.029808498919010162","0.02511035092175007","0.02511035092175007","0.02511035092175007","0.07913779467344284","0.07913779467344284","0.07913779467344284","0.21249482035636902","0.21249482035636902","0.21249482035636902","0.17768888175487518","0.17768888175487518","0.17768888175487518","0.2926616966724396","0.2926616966724396","0.2926616966724396","0.4228026270866394","0.4228026270866394","0.4228026270866394","0.256303071975708","0.256303071975708","0.256303071975708","0.13454727828502655","0.13454727828502655","0.13454727828502655","0.09789612144231796","0.09789612144231796","0.09789612144231796","0.7690930962562561","0.7690930962562561","0.7690930962562561","0.12244217097759247","0.12244217097759247","0.12244217097759247","0.3660566210746765","0.3660566210746765","0.3660566210746765","0.10577014833688736","0.10577014833688736","0.10577014833688736","0.22256061434745789","0.22256061434745789","0.22256061434745789","0.11710913479328156","0.11710913479328156","0.11710913479328156","0.23869553208351135","0.23869553208351135","0.23869553208351135","17.57893180847168","17.57893180847168","17.57893180847168","9.127159118652344","9.127159118652344","9.127159118652344","8.683387756347656","8.683387756347656","8.683387756347656","11.053459167480469","11.053459167480469","11.053459167480469","19.93873405456543","19.93873405456543","19.93873405456543","3.56608510017395","3.56608510017395","3.56608510017395"
"37","0.019181445240974426","0.019181445240974426","0.019181445240974426","0.021798135712742805","0.021798135712742805","0.021798135712742805","0.02143535390496254","0.02143535390496254","0.02143535390496254","0.021758824586868286","0.021758824586868286","0.021758824586868286","0.02513417974114418","0.02513417974114418","0.02513417974114418","0.03805084899067879","0.03805084899067879","0.03805084899067879","0.023221667855978012","0.023221667855978012","0.023221667855978012","0.0944768562912941","0.0944768562912941","0.0944768562912941","0.13501429557800293","0.13501429557800293","0.13501429557800293","0.2074163258075714","0.2074163258075714","0.2074163258075714","0.14039859175682068","0.14039859175682068","0.14039859175682068","0.15475653111934662","0.15475653111934662","0.15475653111934662","0.25880324840545654","0.25880324840545654","0.25880324840545654","0.5276314616203308","0.5276314616203308","0.5276314616203308","0.11133264005184174","0.11133264005184174","0.11133264005184174","0.12482453137636185","0.12482453137636185","0.12482453137636185","0.3059172034263611","0.3059172034263611","0.3059172034263611","0.26095515489578247","0.26095515489578247","0.26095515489578247","0.15930375456809998","0.15930375456809998","0.15930375456809998","0.11248860508203506","0.11248860508203506","0.11248860508203506","0.18555647134780884","0.18555647134780884","0.18555647134780884","0.23707608878612518","0.23707608878612518","0.23707608878612518","6.406990051269531","6.406990051269531","6.406990051269531","2.3798537254333496","2.3798537254333496","2.3798537254333496","6.123055934906006","6.123055934906006","6.123055934906006","6.727311611175537","6.727311611175537","6.727311611175537","17.8323974609375","17.8323974609375","17.8323974609375","11.997791290283203","11.997791290283203","11.997791290283203"
"38","0.01889820396900177","0.01889820396900177","0.01889820396900177","0.027459843084216118","0.027459843084216118","0.027459843084216118","0.024283360689878464","0.024283360689878464","0.024283360689878464","0.024098031222820282","0.024098031222820282","0.024098031222820282","0.022023584693670273","0.022023584693670273","0.022023584693670273","0.02507261000573635","0.02507261000573635","0.02507261000573635","0.02408520318567753","0.02408520318567753","0.02408520318567753","0.079700767993927","0.079700767993927","0.079700767993927","0.416824072599411","0.416824072599411","0.416824072599411","0.09345534443855286","0.09345534443855286","0.09345534443855286","0.19294512271881104","0.19294512271881104","0.19294512271881104","0.09298919886350632","0.09298919886350632","0.09298919886350632","0.08937979489564896","0.08937979489564896","0.08937979489564896","0.1596727967262268","0.1596727967262268","0.1596727967262268","0.2190854698419571","0.2190854698419571","0.2190854698419571","0.24547407031059265","0.24547407031059265","0.24547407031059265","0.16192160546779633","0.16192160546779633","0.16192160546779633","0.12106695771217346","0.12106695771217346","0.12106695771217346","0.1506371945142746","0.1506371945142746","0.1506371945142746","0.5908247232437134","0.5908247232437134","0.5908247232437134","0.17299014329910278","0.17299014329910278","0.17299014329910278","0.21138828992843628","0.21138828992843628","0.21138828992843628","11.166481018066406","11.166481018066406","11.166481018066406","7.035905361175537","7.035905361175537","7.035905361175537","6.201753616333008","6.201753616333008","6.201753616333008","9.597075462341309","9.597075462341309","9.597075462341309","12.514884948730469","12.514884948730469","12.514884948730469","16.818193435668945","16.818193435668945","16.818193435668945"
"39","0.023594440892338753","0.023594440892338753","0.023594440892338753","0.023230135440826416","0.023230135440826416","0.023230135440826416","0.022681262344121933","0.022681262344121933","0.022681262344121933","0.02565678395330906","0.02565678395330906","0.02565678395330906","0.041618868708610535","0.041618868708610535","0.041618868708610535","0.023391855880618095","0.023391855880618095","0.023391855880618095","0.026641009375452995","0.026641009375452995","0.026641009375452995","0.14263483881950378","0.14263483881950378","0.14263483881950378","0.15250788629055023","0.15250788629055023","0.15250788629055023","0.08510832488536835","0.08510832488536835","0.08510832488536835","0.15145565569400787","0.15145565569400787","0.15145565569400787","0.14901386201381683","0.14901386201381683","0.14901386201381683","0.1605621874332428","0.1605621874332428","0.1605621874332428","0.09627901762723923","0.09627901762723923","0.09627901762723923","0.10725390911102295","0.10725390911102295","0.10725390911102295","0.1626693159341812","0.1626693159341812","0.1626693159341812","0.19021111726760864","0.19021111726760864","0.19021111726760864","0.1499188095331192","0.1499188095331192","0.1499188095331192","0.19831472635269165","0.19831472635269165","0.19831472635269165","0.11562132835388184","0.11562132835388184","0.11562132835388184","0.14113624393939972","0.14113624393939972","0.14113624393939972","0.2530680298805237","0.2530680298805237","0.2530680298805237","8.415362358093262","8.415362358093262","8.415362358093262","4.634346961975098","4.634346961975098","4.634346961975098","4.719581127166748","4.719581127166748","4.719581127166748","11.249320030212402","11.249320030212402","11.249320030212402","5.183128833770752","5.183128833770752","5.183128833770752","33.407264709472656","33.407264709472656","33.407264709472656"
"40","0.02170054242014885","0.02170054242014885","0.02170054242014885","","","","","","","","","","0.025271572172641754","0.025271572172641754","0.025271572172641754","","","","","","","","","","","","","","","","","","","","","","","","","","","","","","","","","","","","","","","","","","","","","","","","","","","","","","","","","","","","","","","","","","","","",""
"41","0.028430379927158356","0.028430379927158356","0.028430379927158356","","","","","","","","","","0.02825056202709675","0.02825056202709675","0.02825056202709675","","","","","","","","","","","","","","","","","","","","","","","","","","","","","","","","","","","","","","","","","","","","","","","","","","","","","","","","","","","","","","","","","","","","",""
"42","0.02425067499279976","0.02425067499279976","0.02425067499279976","","","","","","","","","","0.025748543441295624","0.025748543441295624","0.025748543441295624","","","","","","","","","","","","","","","","","","","","","","","","","","","","","","","","","","","","","","","","","","","","","","","","","","","","","","","","","","","","","","","","","","","","",""
"43","0.02738811820745468","0.02738811820745468","0.02738811820745468","","","","","","","","","","0.02516794390976429","0.02516794390976429","0.02516794390976429","","","","","","","","","","","","","","","","","","","","","","","","","","","","","","","","","","","","","","","","","","","","","","","","","","","","","","","","","","","","","","","","","","","","",""
"44","0.03334704041481018","0.03334704041481018","0.03334704041481018","","","","","","","","","","0.026147328317165375","0.026147328317165375","0.026147328317165375","","","","","","","","","","","","","","","","","","","","","","","","","","","","","","","","","","","","","","","","","","","","","","","","","","","","","","","","","","","","","","","","","","","","",""
"45","0.033197760581970215","0.033197760581970215","0.033197760581970215","","","","","","","","","","0.041390225291252136","0.041390225291252136","0.041390225291252136","","","","","","","","","","","","","","","","","","","","","","","","","","","","","","","","","","","","","","","","","","","","","","","","","","","","","","","","","","","","","","","","","","","","",""
"46","0.025739504024386406","0.025739504024386406","0.025739504024386406","","","","","","","","","","0.029391566291451454","0.029391566291451454","0.029391566291451454","","","","","","","","","","","","","","","","","","","","","","","","","","","","","","","","","","","","","","","","","","","","","","","","","","","","","","","","","","","","","","","","","","","","",""
"47","0.022361844778060913","0.022361844778060913","0.022361844778060913","","","","","","","","","","0.03414025902748108","0.03414025902748108","0.03414025902748108","","","","","","","","","","","","","","","","","","","","","","","","","","","","","","","","","","","","","","","","","","","","","","","","","","","","","","","","","","","","","","","","","","","","",""
"48","0.020094839856028557","0.020094839856028557","0.020094839856028557","","","","","","","","","","0.022717606276273727","0.022717606276273727","0.022717606276273727","","","","","","","","","","","","","","","","","","","","","","","","","","","","","","","","","","","","","","","","","","","","","","","","","","","","","","","","","","","","","","","","","","","","",""
"49","0.01827014423906803","0.01827014423906803","0.01827014423906803","","","","","","","","","","0.02517380565404892","0.02517380565404892","0.02517380565404892","","","","","","","","","","","","","","","","","","","","","","","","","","","","","","","","","","","","","","","","","","","","","","","","","","","","","","","","","","","","","","","","","","","","",""